:020000040800F2
:10400000783C0020B942000803C9000849BD0008F7
:1040100001C90008C15E00088DD200080000000040
:1040200000000000000000000000000007C90008B8
:10403000196B00080000000005C9000809C9000844
:10404000D3420008D3420008D3420008D3420008FC
:10405000D3420008D3420008D3420008D3420008EC
:10406000D3420008D3420008D3420008D3420008DC
:10407000D3420008D3420008D3420008D3420008CC
:10408000D3420008D3420008D3420008D3420008BC
:10409000D3420008D3420008D3420008D3420008AC
:1040A000D3420008D3420008D3420008D34200089C
:1040B000D3420008D3420008D3420008D34200088C
:1040C000D3420008D3420008D3420008D34200087C
:1040D000D3420008D3420008D342000881D200082E
:1040E000D3420008D3420008D3420008D34200085C
:1040F000D3420008D3420008D3420008D34200084C
:10410000D3420008D3420008D3420008D34200083B
:10411000D3420008D34200082DC9000849C900084D
:10412000D3420008D3420008D3420008E96A0008DD
:10413000F56A0008D3420008D3420008D3420008C1
:10414000D3420008D3420008D342000835BC00081F
:10415000D3420008D3420008D3420008D3420008EB
:10416000D3420008D3420008D3420008D3420008DB
:10417000D3420008D3420008D3420008D3420008CB
:10418000D3420008D3420008D3420008D3420008BB
:10419000D342000800000000D3420008D3420008C8
:1041A000D3420008D3420008D3420008D34200089B
:1041B000D3420008D3420008D3420008D34200088B
:1041C000D3420008016B00080D6B0008D3420008C1
:1041D000D3420008D342000800F002F800F05CF877
:1041E0000AA090E8000C82448344AAF10107DA4552
:1041F00001D100F051F8AFF2090EBAE80F0013F048
:10420000010F18BFFB1A43F0010318474CF80000D8
:104210006CF800000A444FF0000C10F8013B13F05A
:10422000070408BF10F8014B1D1108BF10F8015B0F
:10423000641E05D010F8016B641E01F8016BF9D102
:1042400013F0080F1EBF10F8014BAD1C0C1B09D159
:104250006D1E58BF01F801CBFAD505E014F8016BCB
:1042600001F8016B6D1EF9D59142D6D3704700005D
:104270000023002400250026103A28BF78C1FBD86F
:10428000520728BF30C148BF0B6070471FB50BF005
:104290000DFB1FBD10B510BD00F0B0F91146FFF7C2
:1042A000F5FF0AF011FD00F0CEF903B4FFF7F2FFBD
:1042B00003BC00F0D1F900000948804709480047D5
:1042C000FEE7FEE7FEE7FEE7FEE7FEE7FEE7FEE7C6
:1042D000FEE7FEE704480549054A064B7047000023
:1042E0000DC90008D941000878360020783C00202C
:1042F000783800207838002053EA020C00F06980FA
:104300002DE9F04B4FF00006002B1FBFB3FA83F5E9
:1043100003FA05F424FA05F65E4012BF1643B2FA1A
:1043200082F502FA05F4C5F120051EBF22FA05FC4C
:1043300044EA0C04203556EA044C4FEA144418BFF2
:10434000641C4FF000084FF00009904271EB030C21
:1043500039D3002919BFB1FA81F701FA07F6B0FA8B
:1043600080F700FA07F6C7F120071EBF20FA07FC06
:1043700046EA0C062037B6FBF4FCA7EB0507103F16
:1043800007F01F0BCBF120060CFA0BFB2CFA06F6FC
:1043900044BFB3460026202FA4BF5E464FF0000B5B
:1043A0005BEA060C08BF4FF0010B19EB0B09ABFBE6
:1043B000027C48EB0608C01B06FB02CC0BFB03CCBF
:1043C00071EB0C01C1E70B46024641464846BDE889
:1043D000F08B13B54FF000004FF00001AFF30080F9
:1043E000BDE81C40704740EA010310B59B070FD1A0
:1043F000042A0DD310C808C9121F9C42F8D020BA55
:1044000019BA884201D9012010BD4FF0FF3010BD0C
:104410001AB1D30703D0521C07E0002010BD10F8DA
:10442000013B11F8014B1B1B07D110F8013B11F8A0
:10443000014B1B1B01D1921EF1D1184610BD032A5E
:1044400040F2308010F0030C00F0158011F8013BB1
:10445000BCF1020F624498BF11F801CB00F8013B98
:1044600038BF11F8013BA2F1040298BF00F801CB5C
:1044700038BF00F8013B11F0030300F02580083A33
:10448000C0F0088051F8043B083A51F804CBA0E88A
:104490000810F5E7121D5CBF51F8043B40F8043BDF
:1044A000AFF30080D20724BF11F8013B11F801CB14
:1044B00048BF11F8012B24BF00F8013B00F801CBE5
:1044C00048BF00F8012B704710B5203AC0F00B80B0
:1044D000B1E81850203AA0E81850B1E81850A0E808
:1044E0001850BFF4F5AF5FEA027C24BFB1E8185062
:1044F000A0E8185044BF18C918C0BDE810405FEAD2
:10450000827C24BF51F8043B40F8043B08BF70474D
:10451000D20728BF31F8023B48BF11F8012B28BF52
:1045200020F8023B48BF00F8012B704702F0FF0360
:1045300043EA032242EA024200F037B84FF0000299
:1045400000B5134694469646203922BFA0E80C5089
:10455000A0E80C50B1F12001BFF4F7AF090728BF64
:10456000A0E80C5048BF0CC05DF804EB890028BFE0
:1045700040F8042B08BF704748BF20F8022B11F009
:10458000804F18BF00F8012B704770477047704785
:1045900010B500F02BF8006810BD10B5044600F00F
:1045A00025F8046010BD4FF000020429C0F012800D
:1045B00010F0030C3FF4C4AFCCF1040CBCF1020FBB
:1045C00018BF00F8012BA8BF20F8022BA1EB0C01AB
:1045D000FFF7B6BF5FEAC17C24BF00F8012B00F8EB
:1045E000012B48BF00F8012B7047000000487047BE
:1045F0001836002000487047183600207546FFF72F
:10460000F9FFAE4605006946534620F0070085468F
:1046100018B020B5FFF75EFEBDE820404FF0000661
:104620004FF000074FF000084FF0000B21F007019A
:10463000AC46ACE8C009ACE8C009ACE8C009ACE8DD
:10464000C0098D46704710B50446AFF30080204680
:10465000BDE81040FFF729BE01491820ABBEFEE7B8
:1046600026000200704710B50146806AC26D12F044
:10467000500F06D0C26D12F0100F2FD002F04AFE7C
:1046800010BDC16D41F40071C16501680A6812F086
:10469000080F10D0CA6812F4406F04BFC96811F443
:1046A000005F18D1C16D21F48071C165C16D11F435
:1046B000805F10D10BE0C96811F0020F0BD1C16D02
:1046C00021F48071C165C16D11F4805F03D1C16DAA
:1046D00041F00101C16502F01BFE10BD406D426B4F
:1046E000BDE810400846104710B5806AC16D41F022
:1046F0004001C165016E41F00401016602F00AFE4D
:1047000010BD10B5806A02F004FE10BD70B50446FD
:10471000006881688268C1F3400112F0010F32D055
:1047200089BB816801F00D0101291DD1816821F04B
:104730003F0121F0004141F0020181602168032026
:10474000086004F06BF905462068806810F0010FDE
:1047500019D000BF04F062F9401B02280ED920686E
:10476000806810F0010F09D0E06D40F01000E065A6
:10477000206E40F001002066012070BD2068806836
:1047800010F0010FE6D1002070BD000030B583B0FD
:104790000446002001902068816811F0010F63D168
:1047A00081686FF39E11002961D1816821F03F017A
:1047B00021F0004141F0010181602068B0F1A04F7B
:1047C0001DBFA0F1A041B1F580713148314880682A
:1047D00010F4000F24D0304830490068B0FBF1F0ED
:1047E000401C00EB400080000190009018D0B0F118
:1047F000004F47D20028D8BF002005DD10F001008F
:1048000002D00199491E01910099401C491C88421F
:1048100006DA019A801C521E521E01928842F8DB71
:1048200004F0FCF805462068006810F0010F1BD169
:104830002068816811F0010F07D1816821F03F01E4
:1048400021F0004141F00101816004F0E7F8401BD4
:10485000022804D92068006810F0010F07D02068F2
:10486000006810F0010FE3D003B0002030BDE06D10
:1048700040F01000E065206E40F00100206603B0BB
:10488000012030BD0198401E0190FCD1C8E7000016
:10489000000700500003005034010020400D0300C9
:1048A0002DE9F04F2DED088B81B001F071FDFF4C2B
:1048B0008146207A40F002002072A06F41F28831D8
:1048C000401C0025A067884205D34FF48051F8486A
:1048D000A56704F096F8F748018882881144028998
:1048E00083891A441144028A1144828A1144028B3A
:1048F0001144828B1144028C1144828C1144028D2C
:104900001144828D1144028E1144828E1144028F13
:104910001144828F11444288C3881A444389B0F8F5
:104920000EC063441A44438A1A44C38A1A44438B10
:104930001A44C38B1A44438C1A44C38C1A44438DC3
:104940001A44C38D1A44438E1A44C38E1A44438FAB
:10495000C08F1A441044083001F1080100094FEAE1
:10496000111803D0E16DB1FBF0F0A061D2480188CD
:10497000428811448288C3881A4411440289114430
:104980004289114482891144C2891144028A114426
:10499000428A1144828A1144C28A1144028B114412
:1049A000428B1144828BC08B11440A18C348018882
:1049B000838819440389B0F80CC063441944038AFE
:1049C0001944838A1944038B1944838B1944038C3B
:1049D0001944838C1944038D1944838D1944038E23
:1049E0001944838E1944038F1944838F19444388D3
:1049F000B0F806C06344B0F80AC0C689B444634442
:104A0000B0F812C06344B0F816C06344B0F81AC0DE
:104A10006344B0F81EC06344B0F822C06344B0F8E9
:104A200026C06344B0F82AC06344B0F82EC0634483
:104A3000B0F832C06344B0F836C06344B0F83AC04E
:104A4000C08F634418440830C0F30F1C083208318B
:104A5000206AC2F30F17C1F30F16C119DFF860E225
:104A600020780EF1400A3EF810208A1A2262616A0C
:104A70008B190EF1200131F81010591A6162A36AE6
:104A80003AF810B06344A3EB0B03A3622EF8107046
:104A9000AAF1200727F810602AF810C0401C00F087
:104AA0000F00207002F10800A269C0F30F105043FC
:104AB00040F6FF76B0FBF6F000EB0010E06401F189
:104AC0000800A169C0F30F104843B0FBF6F000EBFB
:104AD0000010206503F108007A49C0F30F1051F867
:104AE00020006065A07800286AD0A06940F6B8313F
:104AF00008FB00F0B0FBF1F0216E401A642148433E
:104B0000616E90FBF1F01E30A0F5FE41FF3957D0E9
:104B10000028C0F2D98400BF4FF47A714843A065E1
:104B20000021DFF8A4C10B46084600BF00EB40029D
:104B30000A443CF812209A4288BF1346401CC0B277
:104B40001828F3D3A06903FB00F16048A0FB011013
:104B5000C0094FF4C87148435D49A1FB0010C0086B
:104B600020634FF000085B4B474642464146C4462F
:104B7000404600BF33F820A003EB800BBBF830B0F9
:104B8000B24534BFB3454FF0010C0CD25AEA0B0EBC
:104B900009D0BAF1000F15D0BBF1000F16D0DA44DE
:104BA000921CD044D2B2401CC0B20C28E2D3002ADE
:104BB0001CBF08EB5200B0FBF2F00BD087B218E03C
:104BC000A565ADE7491C5F44C9B2ECE7491C5744F1
:104BD000C9B2E8E739B1BCF1000F04BF4800B7FB28
:104BE000F0F0EBD004E0BCF1000F08BF2F4600D07E
:104BF00037465988374A901CD288114402898389E4
:104C00001A441144028A1144828A1144028B1144CD
:104C1000828B1144028C1144828C1144028D114408
:104C2000828D1144028E1144828E1144028F1144F0
:104C3000828F1144B0F840201144B0F84420114450
:104C4000B0F848201144B0F84C201144B0F850207E
:104C50001144B0F854201144B0F85820B0F85C006A
:104C6000114408441C490C30A1FB0010C0F30F187C
:104C7000012009F0C1F98346022009F0BDF9E16A7B
:104C8000164A0B18617832F811C0A3EB0C03E362EB
:104C900022F81100481C00F007006070181DC0F3D6
:104CA000CF0AA0697843B0FBF6F019E000000020BD
:104CB00000040048F802002098020020B8020020FA
:104CC00038010020B8F800080802002081808080A8
:104CD00089888888A8010020ABAAAAAA9801002088
:104CE0004FF47A7100FB01F7A06908FB00F0B0FBFC
:104CF000F6F000EB0018A06967640BFB00F0DFF82A
:104D0000ACB4ABFB0010C00940F25A61484342F218
:104D10001071B0FBF1F6A664D9F88C0058B101F01F
:104D200067FA40B1304601F0CDF8064601463846F4
:104D300001F04CF90746A06921460AFB00F0ABFBE5
:104D40000020C00940F6C412904228BF4FF0000A6C
:104D500006D2404200EB800046F2A81202EB400A65
:104D6000C1F83C800F644E63C1F838A0D1F89000C0
:104D7000D1F89420C0192C466241C1F89000C1F8C6
:104D80009420D1F89800D1F89C2080196241C1F894
:104D90009800C1F89C20D1F8A000D1F8A42010EB15
:104DA0000A006241C1F8A000C1F8A420D1F8800037
:104DB000401CC1F88000FE480068D0F88803DFF886
:104DC000F4B310F0080F4FF0010507D08BF80F5027
:104DD0008BF80C408BF80D408BF81840F648416D6D
:104DE000F648814203D8F449896D814214D99BF871
:104DF000100058B98BF8105000200AF02BFB2A46FF
:104E00004FF480514FF0904003F003FE8BF80C40BC
:104E10008BF80D408BF81840B8F5FA4F1DD8E649CD
:104E2000C86CB0F5FA5F18D3C86C43F6982282427A
:104E300013D3086D40F6746290420ED3086D41F6AC
:104E40006412824209D3886940F68C22904204D3CE
:104E5000886941F26802824208D2D7482A46817B9B
:104E60001E293CBF491C8173C47306E08C73C87B48
:104E700022460A283CBF401CC873CF48407BDFED68
:104E8000D0AA9FEDD08A08B1B2B147E0CA48817B71
:104E90001E296FD34573C47300200AF0DBFA9BF818
:104EA0000C0030B100224FF480514FF0904003F0DD
:104EB000B0FD0AF04BFA2EE0BF4DE87B0A282DD357
:104EC00001F066FA00906C73AC730AF03FFA9BED48
:104ED000070A009820EE2A0A008D85ED1B0A85ED51
:104EE0001C8A85ED1D8AE882EC719BF80C0090B15C
:104EF0009BF80F00002804BF9BF8100000280AD17F
:104F00004FF001000AF0A6FA00224FF480514FF052
:104F1000904003F07EFDA848407B50B3B0EE480AB5
:104F20000AF050FA00200AF095FA9BF80C000028CD
:104F30000CBF012200224FF480514FF0904003F04B
:104F400068FD9BED070A9C48002120EE2A0A80EDAF
:104F50001B0A80ED1C8A80ED1D8AC182C4719BF8FA
:104F60000C0000281EBF01B0BDEC088BBDE8F08F1F
:104F70001EE0FFE79BF80C00D0B19BED070AD9EDCE
:104F8000080A9BF80D0030EE20AA50B39BED050AED
:104F900002208BF81800B4EECA0AF1EE10FA00F302
:104FA000978201B0BDEC088BBDE8F04F0AF00ABA59
:104FB000B0EE480A0AF006FA01F0EAF99BF80C1084
:104FC00000297DD181697C48826E914204BFC079FD
:104FD000002875D001B0BDEC088BBDE8F04F08F09B
:104FE000A3BF4FF47A70B8FBF0F16FF07C024A4334
:104FF00008EBC2020AFB02F2B2FBF0F20AFB01214B
:10500000B7FBF0F26FF07C03534307EBC30373432A
:10501000B3FBF0F006FB02028A4288BF1146DBF8C0
:105020000000C01B00EE100ADBF80400F8EEC09A86
:10503000801B00EE100ADBF80800B8EEC09A401A98
:1050400000EE100AF8EEC08A01F0A2F9DFF868E17C
:1050500002469EF80700F7EE002A00287ED0DFF80F
:1050600068A1DAF80070DAF80410DAF80830DAF833
:105070000CC0DAF81060DAF81480DAF81800DAED0B
:10508000070A9AED080A9AED092ABAF828A08EF8BC
:1050900007406AF30F05464CD4F800A0CAF8141074
:1050A000D4F800A0CAF89410D4F800A0CAF81411DB
:1050B000CAF89431CAF814C2CAF89462302300E0E6
:1050C00009E2CAF81C30D4F800C0CCF82830D4F873
:1050D00000C04E08CCF89C60D4F800C0CCF81C612D
:1050E000ABF83830394BCEF868701960C3E90180ED
:1050F000C3ED030AF0EE480A83ED040AB4EEE02A99
:10510000F1EE10FA0AD3F0EE620AB4EEE02AF1EE04
:1051100010FACCBFF0EE620AF0EE420AA9B23023D8
:10512000302938BF184602D3884228BF084680B2CB
:1051300030281CBFCCF82800ABF83800BBF838008A
:10514000303801EE100AB8EE411A21EE000A8BED5C
:10515000070A9BF81800022806D000E07EE001282C
:1051600036D0032851D06CE092ED001AB0EE690AF7
:10517000F0EE601AB0EE482A41EE401AB0EE621A24
:105180000BF12000B0EE610AB4EEC20AF1EE10FAA3
:1051900038BFB0EE420A50D3B4EEC10AF1EE10FAB5
:1051A0004BDD00BFB0EE410A47E000008180808007
:1051B0000C320020F40600200000002070110100D5
:1051C0000000C842000000004C0700203807002003
:1051D00092ED021AB0EE49BAB0EE600AF0EE481A4B
:1051E00001EE4B0AB0EE621A0BF12800B4EEE10AB0
:1051F000F1EE10FA03D200BFB0EE610A1DE0B4EE8A
:10520000C10AF1EE10FA18DDCCE7D2ED041AB0EEC7
:10521000680AB0EE601A0BF1300001EEC01AF0EE31
:10522000481AB0EE620AB4EEE11AF1EE10FAE3D3D6
:10523000B4EEC01AF1EE10FAB4DD80ED010AC0ED53
:10524000000A9BED070A20EE2A0A8EED1B0A8EED5E
:105250001C8A8EED1D8A908DAEF816009BED090A12
:1052600099ED004AB0EE402A04EE290AB4EEC80ACD
:10527000F1EE10FA38BFB0EE480A08D3F0EE620A39
:10528000B4EEE00AF1EE10FAC8BFB0EE620AF0EE3A
:10529000401ADBED0B0AD9ED023AB0EE620AB0EE2D
:1052A000606A43EE890AF4EEC80AF1EE10FA38BFDC
:1052B000B0EE480A06D3F4EEC00AF1EE10FAD8BFF9
:1052C000B0EE600AF0EE404A9BED0D1A99ED045ADB
:1052D000F0EE620AF0EE416A05EE281AB4EEC81A42
:1052E000F1EE10FA38BFB0EE481A08D3B0EE600AFB
:1052F000B4EEC01AF1EE10FAC8BFB0EE601AB0EE0C
:10530000413A99ED010AF0EE425A40EE295AB0EEC8
:10531000480AB0EE651AB4EEC01AF1EE10FA38BFC2
:10532000B0EE401A08D3B0EE600AB4EEC01AF1EE47
:1053300010FAC8BFB0EE601A99ED030A00EE096AD0
:10534000B0EE480AB4EEC06AF1EE10FA0AD3B0EE3D
:10535000600AB4EEC06AF1EE10FACCBFB0EE600A9B
:10536000B0EE460AF0EE405A99ED050AF0EE482AF2
:1053700040EE286AB0EE600AF4EEE26AF1EE10FA4E
:1053800008D3F4EEC06AF1EE10FACCBFF0EE402A7A
:10539000F0EE662A9BF81800022817D1F0EE411AA9
:1053A000B0EE480A44EE291AF4EEC01AF1EE10FAF3
:1053B0000AD3B0EE600AF4EEC01AF1EE10FACCBFD8
:1053C000B0EE600AB0EE610AF0EE401A012819D181
:1053D000B0EE650A03EE890AF0EE403AB0EE480AF4
:1053E000F4EEC03AF1EE10FA0AD3B0EE600AF4EE31
:1053F000C03AF1EE10FACCBFB0EE600AB0EE630A2C
:10540000F0EE404A032818BFB0EE430A48D000BF70
:10541000F0EE400AB0EE640A0120F4EEC01AF1EE9C
:1054200010FA3CBFB0EE610A0220F4EEC00AF1EEC1
:1054300010FA3CBFB0EE600A0320B4EECA0AF1EEE7
:1054400010FAC6BF0122B0EE4A0A00220BF1200179
:10545000002A0CBF0228B0EE421A81ED011AC1EDFC
:10546000001A0BF12801002A0CBF0128D1ED015AC6
:10547000C1ED015AC1ED004A0BF13001002A0CBF09
:105480000328D1ED012AC1ED012AC1ED000A8BF8F4
:10549000180001B0BDEC088BBDE8F04F09F092BFD9
:1054A000B0EE620A05EE280AB4EEC80AF1EE10FA70
:1054B00038BFB0EE480AABD3B4EEE00AF1EE10FA12
:1054C000C8BFB0EE600AA3E70020FFF725BB00BF0E
:1054D000B0EE4A0A65E501B0BDEC088BBDE8F08F7F
:1054E0000A494968091A0A48C0F88410C2699142F9
:1054F0008CBFC2690A46C261D0F88820914298BF29
:10550000D0F88810C0F8881070470000001000E044
:105510000000002070B544218048FFF70FF8804C50
:105520000025E57001F068F800F034FE7D4850F881
:10553000941FC1F34071E172016841F40001016000
:10554000794804F03DFE7948016841F080710160BE
:1055500077484560016841F001010160C4F884505A
:105560004017E061C4F8885001221103714803F02C
:1055700050FA012211034FF0904003F04AFA012241
:1055800051036D4803F045FA6C487F2101F02CFB74
:10559000002818BF01F0C1FA69487F2101F024FBFF
:1055A000002818BF01F0B9FA66487F2101F01CFB02
:1055B000002818BF01F0B1FA63487F2101F014FB05
:1055C000002818BF01F0A9FA60487F2101F00CFB08
:1055D000002818BF01F0A1FA5D4840F6B8310088F4
:1055E0004843E0655B485C49008820660988081AE2
:1055F000606618BF0120A0700021584802F024FD09
:10560000002818BF01F089FAA069002814BFA0691A
:1056100040F6E4405249B1FBF0F3B3F5805F28BF98
:1056200040F6FF73002211464C4802F0F5FC4D484D
:1056300002F03EFB002818BF01F06FFA002009F0CD
:1056400009FF012211034FF0904003F0E2F908F046
:105650006BFC3F21444804F0A9F8002818BF01F072
:105660005CFA36484149302202F012F9002818BF8E
:1056700001F053FA32483E49482202F009F9002865
:1056800018BF01F04AFA2F483A49102202F000F9F7
:10569000002818BF01F041FA2B483749202202F0B8
:1056A000F7F8002818BF01F038FA284833492022BB
:1056B00002F0EEF8002818BF01F02FFA4FF47C1129
:1056C000294804F09FF9002818BF01F026FA0120AC
:1056D000124988732A4805F0F5FC002818BF01F02C
:1056E0001CFA284805F0EEFC002818BF01F015FA56
:1056F00060222549254805F06DFE18B1BDE87040CF
:1057000001F00BBA2148D0F88000002808BF70BD16
:105710000068016821F00401016070BDF4060020FA
:1057200000000020001002401C340020FCED00E0CE
:10573000001000E00004004800080048D82D0020B8
:10574000442E0020B02E00201C2F0020882F002087
:10575000AA75FF1FA875FF1FCA75FF1FF83100202B
:1057600036978C00D43100200C320020A801002094
:105770000802002098020020B8020020F802002051
:105780002C3400207834002038030020C43400205A
:10579000F0B585B004004FF000000A9D8DF80400BC
:1057A0009FED670A02908DED030A1CBF002A002DB1
:1057B00010D092F800C04FF01900BCF1010F08BFE3
:1057C00040F2391003D0BCF1020F08BF1E20861C26
:1057D0008E4202D905B00020F0BDC6202070667050
:1057E000310AA1701078E0702371108A6071000A8C
:1057F000A0715088E071000A2072686860724FEAF8
:10580000102C84F80AC04FEA104C84F80BC0000E2C
:105810002073A86860734FEA102C84F80EC04FEA1A
:10582000104C84F80FC0000E2074E86860744FEAD2
:10583000102C84F812C04FEA104C84F813C0000EEC
:105840002075286960754FEA102C84F816C04FEA5D
:10585000104C84F817C0000E207610784FF0190C09
:10586000012802D0022811D033E004F1190005F11B
:10587000140100F0D8F8193087B2E01905F1A4013D
:1058800000F0D1F838441FFA80FC22E0507801285B
:1058900014BF05F1140005F1A40033B903A9009168
:1058A000518802AB01AA00F0C5FD9DF804006076A6
:1058B000022804F11A0104BF0398086007D0029877
:1058C0000870020A4A70020C8A70000EC8704FF00D
:1058D0001E0CB01E0204120C4FF000000FD0611E0F
:1058E00012F0010F18BF11F8010F520807D04B78C2
:1058F000521E034411F8020F1844C0B2F7D104F845
:105900000C000CF101001FFA80FC701E0204120C46
:105910004FF000010ED0601E12F0010F18BF10F8FA
:10592000011F520806D04378594010F8023F5940F1
:10593000521EF8D104F80C1005B03046F0BD00003E
:1059400000000000002818BF002905D00278C52AF1
:1059500004BF4278102A02D04FF00000704710B404
:105960004FF0000CA0F101034FF007025C78521ECB
:10597000A44413F8024FA4440CF0FF0CF6D1827B30
:1059800094450ED1037802464FF0070C54786340DB
:1059900012F8024F6340BCF1010CF7D1C27B934275
:1059A00002D010BC0020704782780A70C2784A701A
:1059B00082884A8082790A71437AB0F8072063F3BB
:1059C0001F42837A42EA03628A60D0F80720CA60E5
:1059D000B0F80B00088210BC01207047006800EE90
:1059E000100A70470088704782780188C07862F397
:1059F0001F4141EA0060704702460020002908BFAD
:105A00007047521E11F0010F18BF12F8010F49081C
:105A100008BF70475378491E184412F8023F1844D3
:105A2000C0B2F7D170470A6802604A6842608A686B
:105A30008260CA68C2600A6902614B6943618A690F
:105A400002764FEA122C80F819C04FEA124C80F807
:105A50001AC0120EC276CA6902774FEA122C80F879
:105A60001DC04FEA124C80F81EC0120EC2770A6A9F
:105A700002624A6A42628A6A80F828204FEA122C3F
:105A800080F829C04FEA124C80F82AC0120E80F824
:105A90002B20CA6A80F82C204FEA122C80F82DC0E7
:105AA0004FEA124C80F82EC0120E80F82F200A6B9D
:105AB00080F830204FEA122C80F831C04FEA124CA7
:105AC00080F832C0120E80F833204A6B42638A6B32
:105AD00080F838204FEA122C80F839C04FEA124C77
:105AE00080F83AC0120E80F83B20CA6B80F83C2048
:105AF0004FEA122C80F83DC04FEA124C80F83EC0AD
:105B0000120E80F83F200A6C02644A6C42648A6C70
:105B10008264CA6CC2640B6D03654A6D42658A6D0E
:105B20008265CB6DC3650A6E02664A6E80F864209A
:105B30004FEA122C80F865C04FEA124C80F866C01C
:105B4000120E80F867208A6E80F868204FEA122CC7
:105B500080F869C04FEA124C80F86AC0120E80F8D3
:105B60006B20CA6E80F86C204FEA122C80F86DC052
:105B70004FEA124C80F86EC0120E80F86F200A6F48
:105B800080F870204FEA122C80F871C04FEA124C56
:105B900080F872C0120E80F873204A6F80F874206B
:105BA0004FEA122C80F875C04FEA124C80F876C08C
:105BB000120E80F877208A6F80F878204FEA122C36
:105BC00080F879C04FEA124C80F87AC0120E80F843
:105BD0007B20CA6F80F87C204FEA122C80F87DC0B1
:105BE0004FEA124C80F87EC0120E80F87F20D1F868
:105BF000802080F880204FEA122C80F881C04FEA84
:105C0000124C80F882C0120E80F88320D1F88420D4
:105C100080F884204FEA122C80F885C04FEA124C9D
:105C200080F886C0120E80F88720D1F8882080F88E
:105C300088204FEA122C80F889C04FEA124C80F875
:105C40008AC0120E80F88B20D1F88C1000F88C1FBF
:105C50000A0A42700A0C8270090EC17090207047C7
:105C600010EE101A016070470170090A4170704708
:105C700001700A0A42700A0C8270090EC1707047E6
:105C800002460020002908BF7047521E11F0010F84
:105C900018BF12F8010F490808BF704753785840E1
:105CA00012F8023F5840491EF8D170472DE9F041E3
:105CB000774C2DED028B82B0207A40F001002072EB
:105CC000E0780025012740B160227249724805F052
:105CD00081FB002818BFE7702DD009F057F802F0BB
:105CE0009DFE064601216D4802F086FE00280CBF8D
:105CF0004FF001084FF0000880214FF0904002F073
:105D00007BFE00280CBF0121002165480278424536
:105D10001CBF80F8008046604278424516D0436838
:105D2000F21A192A12D380F80180B8F1000F18BFB7
:105D300001220CD10AE05848D0F8800020B1006858
:105D4000016821F004010160E570C6E700225548B2
:105D500003788B421CBF0170466043788B4208D0A9
:105D60004368F31A192B04D34170002918BF01208E
:105D700000D100204C4E104328D0307B10B108F0E9
:105D800093F823E09FED498A7AB100F001FB416E60
:105D9000E1B10095B0F87410026F8BB2816EC06EE5
:105DA000B0EE480A07F0E8FF10E000F0F1FA816F6A
:105DB00061B10095B0F88810D0F884208BB2C16F23
:105DC000D0F88000B0EE480A07F0D6FF307B0028FC
:105DD0001CBFB6F84000002810D002F01FFEF16B87
:105DE000401A4FF47A71B0FBF1F0B6F840108142DE
:105DF00086BF081AA6F8420008F056F802F00EFE18
:105E00000646607968B1207958B9A28A4AB12771EB
:105E100065712749204805F085FE00281CBF2571C3
:105E20006771A07960B1207950B92771A5711A22E4
:105E30002049194805F076FE00281CBF2571A7717E
:105E4000E06F301A32283EBF02B0BDEC028BBDE8D5
:105E5000F081E6672079002815D108F019F927713B
:105E6000024615490C4805F05DFE002818BF257153
:105E700009D102B04FF40051BDEC028B0F48BDE8D0
:105E8000F04102F0BEBD02B0BDEC028BBDE8F08176
:105E90000000002038030020C43400200004004823
:105EA000A8000020B0000020F40600200000000040
:105EB00098050020D806002058040020000800485B
:105EC000FEE70000394A1178002908BF704700EE4C
:105ED000100AB2EE041AF8EE400A80EE810AB5EE1E
:105EE000C00AF1EE10FA07D8D168B1F9001000EE3F
:105EF000101AB8EEC00A2DE010EE101A2C4B994281
:105F000007DBD168B1F9281000EE101AB8EEC00A0C
:105F100020E0FCEEC00AD26810EE901A02EB4103BA
:105F200032F91120B3F9023000EE903AB8EEE01ADF
:105F300000EE902AF8EEE00A31EE601A00EE901AB8
:105F4000F8EE600A70EE600A00EE102AB8EEC00AA1
:105F500001EE200ADFED170A174A20EE200A10EEA4
:105F6000101A9142C8BF9FED150A04DC10EE101AFA
:105F7000134A914213D800EE900AF8EE600A30EE10
:105F8000800AB5EEC00AF1EE10FA0BD3F6EE000A65
:105F900030EE200ABCEEC00A10EE100A70479FEDEA
:105FA000090AE8E79FED080AF0E70000CC000020AE
:105FB0000000A041CDCCCC3D00004842000048424A
:105FC000000048C2000048C20000000070B4DFF8C2
:105FD00074C19CF80020002A04BF70BC704700EE1A
:105FE000100AB8EE400A9FED581AF2EE041A574A0A
:105FF000C0EE010A00EE101AB8EE401A81EE210A36
:10600000F5EEC00AF1EE10FA7DD310EE901A91422F
:106010007ADCB5EEC00A4E4AF1EE10FA75D310EEF6
:10602000101A914272DC00BFBCEEE01A11EE102A89
:10603000511CDD2934BF0C46144601EE102AB8EE7F
:10604000411A30EEC11AFCEEC00A10EE901A4B1C39
:10605000152B28BF0B4600EE901AC2EBC20202EBD2
:106060004205F8EE600ADCF810206E1832F916C00E
:1060700070EE601A00EE10CAC4EBC40C0CEB4C0CB2
:106080006144B8EEC00A32F9111000EE901AE91816
:1060900032F91110F8EEE02A00EE901A0CEB030131
:1060A00032F91110F8EEE00A02EE101A72EEC02A70
:1060B000294AB8EEC22A02EE810A32EE602A42EE86
:1060C000010A70EEC00A00EEA10ADFED220A20EEFE
:1060D000200A10EE101A9142C8BF9FED200A04DC7E
:1060E00010EE101A1E4A914225D800EE900AF8EEE2
:1060F000600A30EE800AB5EEC00AF1EE10FA1DD348
:10610000F6EE000A03E00AE00CE00EE010E030EEEC
:10611000200A70BCBCEEC00A10EE100A7047DFED1A
:10612000110A76E7DFED100A73E79FED0E0A7BE7B1
:10613000B3EE040A78E79FED0D0AD6E79FED090A52
:10614000DEE70000CC00002000401C4600005C435D
:106150000000A0410000C8420050434700504347A0
:10616000005043C70000000000005C43005043C7DC
:10617000002808BF704706490A7802704A684260E2
:1061800089688160DD2181811521C181704700000E
:10619000CC00002070B5134D0021114829706960B2
:1061A000A960E9600446296109F002FB002818BFD4
:1061B00070BD0D48E8600D482861A17A208961F31F
:1061C0001F40E17A40EA01606860A179A08861F32C
:1061D0001F40E17940EA0160A8600120287070BD8D
:1061E00000D00108CC00002040D001086AD001088E
:1061F0000148007870470000CC00002010B50C4624
:10620000A0F51051AC391CBF012010BDFF2242F295
:10621000B0410448FEF78AF9034801214461417006
:10622000002010BD28090020CC0000202DE9F047F7
:10623000434F86B07878002802BF072006B0BDE83B
:10624000F0874FF0000887F801803E4809F0B0FA67
:1062500000281CBF06B0BDE8F0873A4882798188E3
:10626000C07962F31F4141EA0060796988421EBF2C
:10627000032006B0BDE8F08787F80080CDF81080D5
:106280004FF001093A20CDF80080CDE901900520BA
:10629000039002F0A1FA04A9684602F043F904460B
:1062A00002F010FA002C46D1264E40F2964A02F037
:1062B00093FA254D06EBC40005EBC4010268436860
:1062C000002002F00DFA28B102F0FCF906B004201B
:1062D000BDE8F087641C5445ECD302F0F3F987F86D
:1062E0000080C7F80480C7F80880C7F80C802846EB
:1062F0002C46C7F8108009F05BFA28B13878D0B185
:1063000006B00020BDE8F0871048F86010483861FA
:10631000A17A208961F31F40E17A40EA0160786048
:10632000A179A08861F31F40E17940EA0160B8607B
:1063300087F80090E4E706B00420BDE8F08700008D
:10634000CC0000202809002000D0010840D001081E
:106350006AD001080C4B5B78002B19BF0029002A7A
:106360000720704742F2AC4398429DBF9A4200EB2F
:10637000020C9C45012088BF704710B5034B1844A0
:10638000FEF75DF8002010BDCC0000202809002099
:10639000004870470808002010B50A4809F09EF828
:1063A000002804BF032010BD9022064901F190008F
:1063B000FEF78AF804488168491C816008F0A0FF54
:1063C000002010BD78070020B800002030B585B04F
:1063D0000024049401203F210094CDE901010390A1
:1063E00002F0FAF904A9684602F09CF8054602F0AA
:1063F00069F9002D1EBF042005B030BD0B4808F020
:10640000DFFB0A49902201F19000FEF75DF8084891
:106410004168491C41608168491CC0E9021404704C
:10642000447008F06DFF05B0002030BD78070020F3
:10643000B800002010B40028DDF804C018BF002AFE
:1064400022D0002B18BFBCF1000F1DD0332946D23B
:10645000DFE801F0451D1D1D1D1D1D1F1F1D4545AC
:1064600045454545454545451D1F1F1F1D1F1F1D12
:106470001D1D1D1D1D1D1D1D454545451F1F1F1FA4
:106480001F1F1F1F1F1F1F0010BC07207047022463
:1064900000E00124147000229FED440A1A608CED84
:1064A000000A33291BD2DFE801F01A1D2023262918
:1064B0002C2F31331A1A1A1A1A1A1A1A1A1A3639AA
:1064C0003B3D3F424446494C4F5255585B5E1A1A79
:1064D0001A1A636567696B6D6F7174777A0010BC07
:1064E0000120704790ED000A3FE090ED010A3CE08A
:1064F00090ED020A39E090ED030A36E090ED040ACF
:1065000033E090ED050A30E080694AE0C06948E078
:1065100090ED080A29E090ED090A26E0806A40E043
:10652000C06A3EE0006B3CE090ED0D0A1DE0806B20
:1065300037E0C06B35E090ED100A16E090ED110ADF
:1065400013E090ED120A10E090ED130A0DE090EDCB
:10655000140A0AE090ED150A07E090ED160A04E02F
:1065600090ED170A01E090ED180A8CED000A19E091
:10657000406E16E0806E14E0C06E12E0006F10E016
:10658000406F0EE0806F0CE0C06F0AE0D0F8800032
:1065900007E0D0F8840004E0D0F8880001E0D0F8EB
:1065A0008C00186010BC0020704700000000000044
:1065B000002808BF704710B50446032020600B4830
:1065C0009022416861608168A160C168E1600069F2
:1065D0002061074904F11400FDF776FF04F1A400DF
:1065E000BDE8104090220349FDF76EBFB8000020BF
:1065F00078070020080800202DE9F04F0020344ED5
:10660000A5B0DFF8D0B03061307070707060B060ED
:10661000EA468046074605464FF00109C6F80C00D9
:1066200005F1006404F5FC342068B0F1FF3F2BD085
:10663000584504BF6068012826D1A068032804BF1C
:106640002069902820D1204607F004FF6169884224
:106650001AD104F11C0008F041FFA8B1B8F1000FF5
:1066600002D0E068B84208D94FF00108902204F146
:106670001C015046E768FDF727FF2846AC3500F5BA
:10668000AC70B0F5006FCBD9B8F1000F12D09022EA
:1066900069461148FDF718FF902269460F48FDF73B
:1066A00013FF902269460E48FDF70EFF86F8009012
:1066B000F76008E0084808F083FA0749902201F1E2
:1066C0009000FDF701FF08F01BFE25B0BDE8F08F3C
:1066D000B8000020464356487807002008080020EC
:1066E0009808002010B5054808F06AFA0448416887
:1066F000491C4160BDE8104008F002BE7807002048
:10670000B80000202DE9F0470027A4B0DFF8A8A0CA
:10671000E9463E463D464FF0010800BF05F10064E2
:1067200004F5FC342068B0F1FF3F28D0504504BF89
:106730006068012823D1A068032804BF206990283D
:106740001DD1204607F086FE6169884217D104F109
:106750001C0008F0C3FE90B117B1E068B04207D941
:106760000127902204F11C014846E668FDF7ACFEC3
:106770002846AC3500F5AC70B0F5006FCED9002FCF
:1067800002BF052024B0BDE8F087902269460B487F
:10679000FDF79AFE902269460948FDF795FE0948E3
:1067A00080F80080C6604168491C416008F0A8FD7F
:1067B00024B00020BDE8F087464356487807002003
:1067C00098080020B800002010B5A8B0044602A820
:1067D00008F0F6F927A8009026AB01AA214602A8E6
:1067E000FFF728FE00281EBF012028B010BD9DED38
:1067F000270A9DF804102046269A00F0A9F828B030
:1068000010BD00002DE9F04FB3B04E4808F066FE11
:10681000002802BF032033B0BDE8F08FDFF824A1C9
:106820000024DFF824B14FF4006825465FF001062C
:1068300004F1006707F5FC373868B0F1FF3F1DD061
:10684000584504BF7868012817D1B868032804BFE9
:106850003869902811D1384607F0FCFD79698842E3
:106860000BD107F11C0008F039FE30B12046AC34E2
:1068700000F5AC70B0F5006FDAD94446334F4FF0F5
:106880000408F8687D7000F1010904F1AC00B0F56E
:10689000006F12D97E7008F033FD01953F200295FC
:1068A000CDE90360059601F097FF01A902A801F068
:1068B00039FE044601F006FF74BB04F1AC00B0F5EC
:1068C000006F29D8FF22AC216846FDF72FFE032078
:1068D000CDF800B0CDE901609020CDE903900246EB
:1068E000514607A8FDF7F0FD684607F0B3FD04F137
:1068F000006B0BF5FC3BEA46059001F06DFF0024B0
:106900000AEBC4000BEBC401D0E90023002001F026
:10691000E7FE30B101F0D6FE454633B02846BDE86B
:10692000F08F641C162CEBD301F0CCFE05499022AD
:1069300001F59070C7F80C90FDF7C6FD3E7008F0A9
:10694000DFFCEAE77807002046435648B8000020FD
:10695000F0B506462DED028B0125614FA5B014461A
:10696000B0EE408A332E6ED2DFE806F0B71A1A1A5C
:106970001A1A1A1C1C1AB7B7B7B7B7B7B7B7B7B751
:106980001A1C1C1C1A1C1C1A1A1A1A1A1A1A1A1A5D
:10699000B7B7B7B71C1C1C1C1C1C1C1C1C1C1C00E7
:1069A000022000E02846814218BF02246FD19022C5
:1069B00039466846FDF788FD332E44D2DFE806F0FD
:1069C0008D1A1D202326292C2E308D8D8D8D8D8D99
:1069D0008D8D8D8D3336383A3C3F4144474A4D507A
:1069E0005356595C8D8D8D8D5F616365686A6C6EE1
:1069F000707274008DED008A57E08DED018A54E0CD
:106A00008DED028A51E08DED038A4EE08DED048A12
:106A10004BE08DED058A48E0069446E0079444E09B
:106A20008DED088A41E08DED098A3EE00A943CE054
:106A30000B943AE00C9438E08DED0D8A35E00E941D
:106A400033E00F9431E048E08DED108A2DE08DEDBC
:106A5000118A2AE08DED128A27E08DED138A24E059
:106A60008DED148A21E08DED158A1EE08DED168ADC
:106A70001BE08DED178A18E08DED188A15E019944A
:106A800013E01A9411E01B940FE01C940DE01FE03A
:106A90001D940AE01E9408E01F9406E0209404E090
:106AA000219402E0229400E02394684608F016FD49
:106AB000002808BF03240BD0902269463846FDF712
:106AC00003FD084800244168491C416008F018FC97
:106AD00025B02046BDEC028BF0BD2C46F8E7000047
:106AE00078070020B8000020014801F0A6BB000094
:106AF000B8350020014801F0A0BB00005835002047
:106B0000014801F09ABB00005C330020014801F00D
:106B100094BB0000BC330020704772B6FEE7000053
:106B2000154A117F1548012918BF03290FD10368A1
:106B300023F400730360036843F400630360036895
:106B400023F400630360036843F4007303600229C5
:106B500018BF03290BD1016841F48051016001681D
:106B600021F480510160016841F4806101604FF0BF
:106B70000000107770470000F8000020002002405D
:106B800070B5064601F04AFF154C0546206910F421
:106B9000803F0AD001F042FF401BB04201D90320E0
:106BA00070BD206910F4803FF4D120694CF2FA31B5
:106BB00008400CD00B494A6802434A60002109B1E1
:106BC000A169A161002818BF2061012070BD206962
:106BD00010F0010F1CBF01202061002070BD0000DB
:106BE00000200240F8000020F8B50025044600957A
:106BF00090F858000E46012804BF0220F8BD01207D
:106C000084F858002046FDF781FD0200E06D18BFB2
:106C100040F0100029D120F4885040F00200E065D7
:106C20002068816806F0804321F03F0121F0404157
:106C3000194341F0004181600E4B20688168C90F03
:106C40000ED00099491C00918B42F7D8E06D20F0DE
:106C5000020040F01000E06584F858500120F8BDB3
:106C6000E06D20F0020040F00100E06584F858502B
:106C70001046F8BD02DE04002DE9F00790F8582018
:106C800000249BB0012A01BF02201BB0BDE8F00721
:106C90007047012280F85820002317931893026848
:106CA000DFF848C1B2F1A04F04BFCDF800C065467F
:106CB00012D0A2F1A045B5F5806504BF4C4D0095FA
:106CC0000AD0C16D41F02001C16580F858301BB079
:106CD0000120BDE8F0077047AD689668C5F38005F0
:106CE00016F0040F08BF002D0DD0C16D41F020013A
:106CF000C1654FF0010400BF80F858301BB020463A
:106D0000BDE8F0077047B2F1A04F1ABF6245394A9B
:106D1000394A4FF0A045D1F80090384E384FDFF88F
:106D2000E480B9F1000F3AD0D2F8089090F838A07A
:106D300029F4604949EA4A39D1F804A049EA0A0924
:106D4000C2F80890D0F80090B9F1A04F18BFE14503
:106D500008D1D5F808C0D5F808514CEA050C0CF05C
:106D6000010C0AE0D6F800C03D684CEA050CD8F8E2
:106D700000504CEA050C0CF0010CBCF1000FBBD12B
:106D8000D1F800C089684CEA0101D2F808C02CF0A3
:106D90001F0C2CF4706C41EA0C019160ACE7916817
:106DA00021F4604191600168B1F1A04F18BF6145C5
:106DB00007D1A968D5F808C141EA0C0101F0010129
:106DC0000AE03168D7F800C041EA0C01D8F800C0E9
:106DD00041EA0C0101F00101002902BF916821F094
:106DE0001F0121F4706187D1D7E700000001005036
:106DF0000005005000070050000300500804005038
:106E000008050050080600502DE9F00785B0002362
:106E1000029390F858209C46012A01BF022005B039
:106E2000BDE8F0077047012480F858400268956873
:106E300015F0040F0BD0C16D41F02001C165012395
:106E400080F858C005B01846BDE8F0077047D1E992
:106E500000650C2707EA95173A44176B05F01F05E4
:106E60004FF01F0808FA05F8C6F3846627EA0807FA
:106E700006FA05F53D431563026895689668C5F303
:106E80008005C6F3C00655EA06074FF004054FF02B
:106E9000070658D18F68B7F1004F5BD0D1F800805A
:106EA00005EAD8594A44D2F81490C8F3045806FAAF
:106EB00008FA29EA0A0907FA08F749EA07075761B1
:106EC0000268576927F00047576102684F69D2F896
:106ED0000C80C8F3C1084FEA480807FA08F80F69A0
:106EE000042F4FD002EB8702D1F80090176EDFF825
:106EF000F8A309F0F84907EA0A0749EA080847EA47
:106F0000080747F0004717660268D1F810808F69BC
:106F100002EB8802D2F8608028F0807848EA070700
:106F200017660F7F0268D1F81080012F0CBF4FF059
:106F30000077002702EB8802D2F8608028F0007802
:106F400048EA070717660268976817F0010F40F0D4
:106F500039819FE00F684FF0000805EAD7594A448D
:106F6000D2F81490C7F3045706FA07FA29EA0A0977
:106F700008FA07F749EA070757610268576947F0B7
:106F80000047A1E7176E00277F037F0B176E07F0FE
:106F9000F8471ABF97FAA7F7B7FA87F84FEA976842
:106FA0000F68C7F31209B9F1000F0EBFC7F384676A
:106FB00097FAA7F7B7FA87F7B84503D1176E27F006
:106FC000004717660268576E0027121D7F037F0B6C
:106FD000176E07F0F8470EBF4FEA976897FAA7F7C2
:106FE000B7FA87F80F68C7F31209B9F1000F0EBF9F
:106FF000C7F3846797FAA7F7B7FA87F7B84503D1BD
:10700000176E27F0004717660268976E0027083250
:107010007F037F0B176E07F0F8470EBF4FEA9768A4
:1070200097FAA7F7B7FA87F80F68C7F31209B9F10B
:10703000000F0EBFC7F3846797FAA7F7B7FA87F771
:10704000B84503D1176E27F0004717660268D76E60
:1070500000270C327F037F0B176E07F0F8470EBF37
:107060004FEA976897FAA7F7B7FA87F80F68C7F358
:107070001209B9F1000F0EBFC7F3846797FAA7F79B
:10708000B7FA87F7B84504BF176E27F000477FF4BB
:107090005AAF57E791F80C800F68D2F8B090C7F359
:1070A000120A29EA0A09DFF844A208F018082AFAA5
:1070B00008F808EA070749EA0707C2F8B070CA6883
:1070C000A2F18047B7F5FE077CD10A68D0F80080AE
:1070D00012EA0A071ABF92FAA2F7B7FA87F7C2F3C1
:1070E00084677F1C07F01F07092FC2F312072AD8F5
:1070F000002F1ABF92FAA2F7B7FA87F7C2F3846794
:1071000007F1010707F01F0704FA07F70EBFC2F3E4
:10711000846492FAA2F4B4FA84F404F1010404F051
:107120001F0447EA84640EBFC2F3846292FAA2F29B
:10713000B2FA82F202F1010202F01F0202EB4202F5
:1071400044EA02522EE0002F0EBFC2F3846792FA87
:10715000A2F7B7FA87F707F1010707F01F0704FA4C
:1071600007F70EBFC2F3846492FAA2F4B4FA84F46F
:1071700004F1010404F01F0447EA84640EBFC2F363
:10718000846292FAA2F2B2FA82F202F1010202F0F1
:107190001F02574F02EB420207EB025244EA02027F
:1071A00042F0007205EAD25444448F686569C2F324
:1071B000045206FA02F625EA060507FA02F245EA43
:1071C000020262610D684B490D423FF439AE04681A
:1071D000494E4A4A4A4FB4F1A04F16BFB442114635
:1071E0003946896805F1705801F0E07118F55F08BB
:1071F0001ABFDFF81081454511F4000F1FD005F1CB
:10720000605818F52E0808BF11F0807F52D005F1A4
:10721000505818F5F80808BF11F4800F7FF410AE2D
:10722000B4423FF40DAEB4F1A04F18BF3A4641F45A
:107230008001946824F0E0742143916000E6B4F189
:10724000A04F08D0A4F1A045B5F5C0657FF4F8AD16
:10725000B44218BF3A4641F40001946824F0E07447
:10726000214391602849294A0968B1FBF2F1491C80
:1072700001EB41018900029100913FF4E1ADB1F1D0
:10728000004F2BD20029D8BF002105DD11F00101EC
:1072900002D0029A521E0292009A491C521C91423C
:1072A000BFF6CEAD029C891C641E641E02949142FE
:1072B000F8DBC5E5B4421CBFA4F1A045B5F5A06557
:1072C0003FF4BEADB4F1A04F18BF3A4641F0807113
:1072D000946824F0E07421439160B1E50299491E5D
:1072E0000291FCD1ACE5000000F0FF03FFFF0700B6
:1072F000000020FE00000880000100500003005044
:10730000000700501000C09034010020400D030021
:10731000704770477047000070B584B04FF00005AB
:1073200004002E46029502BF012004B070BDE06D3E
:1073300028B9204600F036F9266684F8586020689F
:107340008168C1F3407129B1816821F03F0121F0CA
:107350002041816020688168C1F3007159BB816858
:1073600021F03F0121F0004141F0805181608348CC
:1073700083490068B0FBF1F04000801C029000904F
:1073800019D0B0F1004F80F0F3800028D8BF002062
:1073900005DD10F0010002D00299491E029100990A
:1073A000401C491C884206DA029A801C521E521E5A
:1073B00002928842F8DB20688168C1F3007141B90C
:1073C000E16D41F01001E165216E41F0010121669E
:1073D00001258168E26DC1F3800112F0100F08BF32
:1073E000002908D0E06D40F01000E0654FF0010585
:1073F00004B0284670BDE16D21F4807141F00201B6
:10740000E165816811F0010F1AD15E49B0F1A04F1A
:1074100018BF884207D14FF0A0429368D2F80821E4
:1074200043EA020209E0584A1268584B1B6842EAD4
:107430000302574B1B6842EA030212F0010F10D0FF
:10744000E168E06B627F40EA0100A16841EA4231F5
:1074500040EA010094F8241040EA0140012914D1C7
:107460000DE0B0F1A04F1ABF88424A484A4861680F
:10747000826822F47C1242EA01018160E0E7218DFA
:10748000464A02EB414141EA0000E16A31B101F4B0
:107490007871226B41EA000042EA00002168CA6864
:1074A0003F4B02EA030242EA0000C860206801691B
:1074B000626B21F0406141EA02010161206881684C
:1074C000C1F3C00189BB217F94F838204FEA813194
:1074D00041EA4201C26822F0020222F4804242EAFA
:1074E0000101C16020690028206801690AD041F4C7
:1074F000803101612068D0F8C01022696FF30D015E
:10750000114307E021F4803101612068D0F8C010F8
:107510006FF30D01C0F8C01094F8400001280CD0A2
:107520002068016921F0010101616069012820687A
:10753000016B21F00F0113D10FE0D4E911010843D1
:10754000D4E91312114340EA0102206801696FF384
:107550008A01114341F00101E6E7226A521E1143FC
:107560000163E06D20F0020040F00100E0653FE7BC
:107570000298401E0290FCD11DE70000340100205B
:10758000400D0300000100500804005008050050A1
:107590000806005000070050000300500000FEFFE6
:1075A0000740F0FF2DE9F04F9BB0002506461595EA
:1075B000169517951895542168461995FCF7BEFF46
:1075C0004FF4004130688A03A44FA54C4FF0800966
:1075D0004FF4807A4FF4806B4FF40058B0F1A04F15
:1075E00039D0A0F1A043B3F5807325D04900CA0378
:1075F000A0F1A043B3F580637ED0A0F1A043B3F522
:10760000A06300F0D080A0F1A043B3F5C0631CBF1D
:107610001BB0BDE8F08F68461292009102F008FF9F
:10762000002818BFFFF779FA7868401C78600128B5
:1076300040F0FD8000F0F3B868461192009102F02E
:10764000F7FE002818BFFFF768FA3868401C38605A
:10765000012847D13EE068461192009102F0E8FE11
:10766000002818BFFFF759FA3868401C3860012815
:1076700007D1E06C40F40050E064E06C00F400508E
:107680001A90E06C40F00100E064E06C15A900F095
:1076900001001A900C2015900320CDE916054FF03B
:1076A000904001F0B1F8704C6E4804F10C0120607C
:1076B0000520C4E901052020C4E9070881E8200E5F
:1076C000204600F029FE00286CD17465A6621BB02C
:1076D000BDE8F08FE06C40F40050E064E06C00F432
:1076E00000501A90E06C40F00100E064E06C00F0A3
:1076F00001001A90432000E01BE015900320CDE923
:10770000160515A94FF0904001F07EF8584C5748E7
:1077100004F10C0120602420C4E901052020C4E903
:10772000070881E8200E204600F0F6FD0028CCD0A6
:1077300090E068461292009102F07AFE002818BF8D
:10774000FFF7EBF97868401C7860012807D1E06CFE
:1077500040F48040E064E06C00F480401A90E06CFB
:1077600040F00200E064E06CCDF8548000F00200CC
:107770001A900320CDE9160515A93E4801F044F8FA
:107780003E4C3D4804F10C0120602520C4E9010570
:107790002020C4E9070881E8200E204600F0BCFD47
:1077A000002892D056E068461292009102F040FE06
:1077B000002818BFFFF7B1F97868401C78600128ED
:1077C00007D1E06C40F48040E064E06C00F480405D
:1077D0001A90E06C40F00200E064E06C15A900F043
:1077E00002001A904FF4404015900320CDE9160591
:1077F000204801F009F8234C214804F10C012060D5
:107800002620C4E901052020C4E9070881E8200EEC
:10781000204600F081FD00283FF457AF1AE0E06CED
:1078200040F48040E064E06C00F480401A90174C13
:10783000154804F10C0120602720C4E9010520202F
:10784000C4E9070881E8200E204600F065FD002805
:107850003FF43BAFFFF761F937E70000E400002099
:107860000010024008000240F42F00201C000240DB
:10787000543000200004004808040240B4300020C6
:107880001C040240143100203004024074310020F6
:107890002DE9F04704460068454F90468946B0F10F
:1078A000A04F16BFB84243494349896801F01F05FC
:1078B000816811F0040F78D194F85810012974D020
:1078C000012184F85810A0F1A041B1F5C0610CBFAE
:1078D00001200020401E28424FF0000618BF052D51
:1078E00006D0092D1EBF012084F85860BDE8F0873E
:1078F0002046FCF74BFF00281CBF84F85860BDE809
:10790000F087E06D20F0010020F4606040F48070AA
:10791000E0652068B84208BF4FF0A04106D0A0F152
:10792000A041B1F5A0610CBF24490146814218BFB6
:10793000002D03D1E06D20F48010E065E06D10F4BF
:10794000805F08BF266603D0206E20F00600206608
:10795000616D1B48C862616D1A480863616D1A4801
:10796000486321684FF01C00086084F85860206864
:10797000416841F0100141602068C16841F0010197
:10798000C1602068434600F140014A46606D00F046
:1079900063FD21688A6822F03F0222F0004242F033
:1079A00004028A60BDE8F087FFE70220BDE8F087A7
:1079B0000001005000030050000700500004005078
:1079C0006746000803470008E94600082DE9F04F24
:1079D000040085B04FF000000546029004D02168F5
:1079E000096811F0004F02D0012500F014B9617F41
:1079F00021B920772062204600F034F92068016820
:107A0000D4E901321A43D4F80CC0636901F40001CF
:107A100043EA0C031A4323691A430368DFF808C2D8
:107A200003EA0C031A4302602068026812F4000F94
:107A300026D029BB7D497E4A0968B1FBF2F1491C79
:107A400001EB810189000291009119D0B1F1004F41
:107A500080F0E5800029D8BF002105DD11F001018B
:107A600002D0029A521E0292009A491C521C914264
:107A700006DA029B891C5B1E5B1E02939142F8DBB7
:107A8000DFF8B0C1A0F18041B1F5813108BF4FF4FA
:107A900000111BD06849884208BF4FF4800115D0FF
:107AA0006649884208BF4FF000510FD064498842B0
:107AB00008BF4FF0804109D06249884208BF4FF0AB
:107AC000004103D060450CBF01210221D4F8189079
:107AD0005D4E5E4F5E4A19F0030FA6F10408A7F150
:107AE000040374D019F0100F06F1040907F1040A19
:107AF0000DD0604516BF9042D9F80000DAF80000BA
:107B000040EA01000DD100BFC9F800000BE060455C
:107B10001ABF9042DAF80000D9F8000020EA01000C
:107B2000F2D0CAF80000207EDFF8289110F0200F74
:107B30004948D4F800A00ED0E24513BF9245D9F8C9
:107B400000000843D0F8009018BF49EA01090ED19F
:107B5000C9F800000DE0E2451DBF9245D0F8009045
:107B600029EA0109D9F8000008BF8843F0D0C0F81D
:107B700000902068604516BF904238483848016040
:107B8000207E10F0020F206809D0604516BF904299
:107B90003068386840EA010009D1306008E060458B
:107BA0001ABF90423868306820EA0100F5D038608A
:107BB000207E10F0010F20680AD0604516BF904269
:107BC000D8F80000186840EA010009D01DE00AE07A
:107BD000604518BF904215D1D8F8000020EA010096
:107BE000C8F8000012E060451ABF9042386830685B
:107BF00020EA010014BF386030602068604518BF7B
:107C00009042E9D0186820EA01001860607F0028DF
:107C100004BF01206077284605B0BDE8F08F0299C7
:107C2000491E0291FCD12BE70F7E00FF340100209A
:107C3000400D03001402014004020140080201400B
:107C40000C020140100201402404014004040140E0
:107C5000180201402C0401400C040140340401408E
:107C60001404014000B587B00021009101910291F8
:107C7000039104910068A0F18041B1F581311CBFEE
:107C800007B000BD0948C16C41F00101C164C06C7E
:107C9000694600F001000590022000900320019049
:107CA0004FF0904000F0B0FD07B000BD0010024062
:107CB00083B001004FF00000019007D00A681368FC
:107CC00013F0004F04BF4B7F012B03D04FF0010096
:107CD00003B07047136843F0010313604FF00202D2
:107CE0004A771749174A0968B1FBF2F111EB810194
:107CF0000191009104BF03B07047B1F1004F19D258
:107D00000029D8BF002105DD11F0010102D0019A40
:107D1000521E0192009A491C521C9142A4BF03B00A
:107D20007047019B891C5B1E5B1E01939142F8DB2F
:107D300003B070470199491E0191FCD103B070470F
:107D40003401002080841E00704700002DE9F05FA0
:107D500093460D4604004FF0000912BF002D01208C
:107D6000BDE8F09F6079012804BF0220BDE8F09FC4
:107D70004FF0010884F8058002202071A8680BF0FC
:107D80001006042850D100F049FE074620684FF045
:107D9000030ABBF1000F406B15D010F0004F2DD03F
:107DA00000F03CFEC01B012823D92068406B10F076
:107DB000004F1ED0206940F00800206184F804A024
:107DC0000320BDE8F09F10F4004F0ED000F026FE17
:107DD000C01B012804D92068406B10F4004FE9D182
:107DE0002068406B10F4004FF0D12168686A086485
:107DF00007E02068406B10F0004FD1D12168686A1D
:107E000048642068816C40F2FF32B2409143AA6A14
:107E1000B240114381642068C16CFF22B24091439B
:107E2000EA6AB2401143C164E869012809D12168B6
:107E3000886B1F22B24020EA0202286AB040104339
:107E400088632068C06B0721B14020EA0101A8695E
:107E5000012805D002281ABF68690028012001D036
:107E60004FF000006B69AA6842EA030242EA000090
:107E70004FF4807202FA06F221EA020229790129FE
:107E80000CBF4FF48071002101434FF40070B040EB
:107E900022EA00006A79012A0CBF4FF40072002226
:107EA00042EA010A20F440472868022818BF074325
:107EB00034D000BF21680AFA06F03843C86320684E
:107EC00001684FF48042B24091430160206801682C
:107ED00040F6FE72B2409143EA68B240114301603D
:107EE00020680168C022B24091430160287B297C50
:107EF000C0F3830001F03C0140EA81112068026E6A
:107F000040F60F73B3409A43B1401143016684F8C1
:107F10000480002060714846BDE8F09F02F02EFD0D
:107F20000549884288BF47F40047C3D803498842BF
:107F300088BF47F48047BDE70068890900B4C404DE
:107F400070472DE9F041044600680668456B16F459
:107F5000005F4FF0040718BF15F4005F0FD02771C2
:107F6000216941F0010121614FF400514163206812
:107F7000016821F4805101602046FFF7E1FF16F00F
:107F8000005F14BF15F0005FBDE8F0812771206924
:107F900040F00200206121684FF0005048632068E3
:107FA000016821F0805101602046BDE8F041FFF7F3
:107FB000CBBE002804BF0120704770B5044600798D
:107FC000002518B96571204600F008F802202071DC
:107FD000256101202071002070BD000008B50068F7
:107FE000A0F1A041B1F5006118BF08BD0948C16CFE
:107FF00041F48031C164C06C002200F480300090F4
:108000000321362002F068F9BDE80840362002F06E
:1080100053B900000010024081B04FF0000CCDF8C1
:1080200000C0002802BF012001B070470068D0F8EE
:108030003CC00090002910440CBF08301430009060
:108040000360002001B0704770B483B0002801BF06
:10805000012003B070BC70474279012A01BF0220A1
:1080600003B070BC70470124447102260671026897
:10807000136801F0100504FA05FC43EA0C031360D1
:10808000254A264B1268B2FBF3F2521C0192009271
:108090001DD0B2F1004F39D2002AD8BF002205DD31
:1080A00012F0010202D0019B5B1E0193009B521C47
:1080B0005B1C9A420BDA00BFDDF804C0921CACF1E5
:1080C000010CACF1010CCDF804C09A42F4DB00299C
:1080D00001680A6811D002F4781206FA05F39A4290
:1080E00004BF4A6842F0020200D14A6004710021D4
:1080F000417103B0084670BC704702F03E02022A8C
:1081000004BF4A6842F00102F0D1EEE7019A521E24
:108110000192FCD1DBE7000034010020400D030098
:108120000022002804BF0120704790F82510012389
:10813000022903D00421C16301222EE00168D1F895
:1081400000C02CF0010CC1F800C00168D1F800C0DB
:108150002CF00E0CC1F800C0816CD1F800C02CF4DA
:10816000807CC1F800C090F84410D0F840C001F005
:108170001F0103FA01F1CCF80410D0E9131CC1F877
:1081800004C0416D49B1D1F800C02CF4807CC1F825
:1081900000C0D0E9161CC1F804C080F825300021C9
:1081A00080F824101046704710B590F82520002460
:1081B00001212346022A07D00422C26380F8251039
:1081C00080F82430012436E00268D2F800C02CF098
:1081D000010CC2F800C00268D2F800C02CF00E0CEE
:1081E000C2F800C0826CD2F800C02CF4807CC2F8C7
:1081F00000C090F84420D0F840C002F01F0201FAFD
:1082000002F2CCF80420D0E9132CC2F804C0426D6D
:108210004AB1D2F800C02CF4807CC2F800C0D0E98A
:10822000162CC2F804C080F8251080F82430816B29
:10823000002918BF8847204610BDF0B4016CD1F862
:1082400000C001680B6890F8442002F01F0404226B
:1082500002FA04F515EA0C0F18BF13F0040F14D03E
:108260000B6813F0200F03D10B6823F004030B609D
:1082700090F8441001F01F0102FA01F1026C516004
:10828000016B002946D1F0BC7047022606FA04F2C1
:1082900012EA0C0F4FF000054FF0010218BF13F067
:1082A000020F17D00B6813F0200F05D10B6823F0D5
:1082B0000A030B6080F8252090F84410026C01F04E
:1082C0001F0106FA01F1516080F82450C16A09BB10
:1082D000F0BC7047082606FA04F414EA0C0F12BF2B
:1082E00013F0080FF0BC70470B6823F00E030B600F
:1082F00090F84410036C01F01F0102FA01F159607B
:10830000C26380F8252080F82450416B002904BF07
:10831000F0BC7047F0BC084770B4002802BF0120D1
:1083200070BC7047DFF804C10168414A614508D25A
:10833000404B0B44A2FB03431B099B0043643E4B91
:1083400007E03E4B0B44A2FB03431B099B00436425
:108350003B4B0364022380F825300B68D0E90245CB
:108360002C43D0E9045635432C4385696FF30E1333
:108370002C43C5692C43056A2C4323430B600368D7
:10838000634506D2DBB2083BA2FB03322D4912093A
:1083900006E0DBB2083BA2FB03322B49120908328C
:1083A000436C23F003030B442849C0E9123102F067
:1083B0001F01012202FA01F10165D0F808C0002175
:1083C000BCF5804F08BF416090F804C00CF07F0CF2
:1083D000C3F800C0D0E9133CC3F804C04368A3F15C
:1083E000010CBCF1030F15D8DFF864C003F07F0364
:1083F0000CEB830C5B1E03F01F03164C02FA03F315
:10840000C365C0E915C4CCF80010D0E9163CC3F828
:1084100004C002E041658165C165C16380F8252023
:1084200080F8241070BC002070470000080402404F
:10843000CDCCCCCCF8FFFDBF00000240F8FBFDBF67
:108440000004024000080240200802408008024068
:10845000FC0802404009024070B490F824404FF0FC
:10846000000C012C02BF022070BC7047012480F870
:10847000244090F825600025012E1CBF80F8245070
:108480004FF0020C02D070BC60467047022680F8A4
:108490002560C56305682E6826F001062E60D0E9C8
:1084A00013566E60456D002D1CBFD0E916566E60E8
:1084B00090F8445005F01F05AC40056C6C600468F2
:1084C00063608368102B036803BF9A600268D16001
:1084D00099601CBF0168CA60016B002901680A68C5
:1084E00018BF42F00E0206D122F004020A600168B1
:1084F0000A6842F00A020A60816C0A6812F4803F3E
:1085000003D00A6842F480720A60416D19B10A68AA
:1085100042F480720A600068016841F00101016064
:10852000B1E700002DE9F047644F064689463878E8
:10853000012804BF0220BDE8F08701253D704FF4FB
:108540007A70FEF71DFB4FF0000800287ED1C7F8B7
:1085500004805B4C216811F4007F216801F4806184
:1085600009D0002908BF3D7710D0216821F480612F
:108570002160032109E0002908BF87F81C8005D08D
:10858000216821F480612160022139773168012955
:1085900017D04FF0FF31C9F80010D6E90251294435
:1085A000A9425FD97168206A10F4800F31D06069E8
:1085B00011F0010F0CBF40F4006020F40060606116
:1085C0002BE07068216A11F4800F0ED010F0010FBB
:1085D00003D0616941F00401616110F0020F1CBF1A
:1085E000606940F4004005D003E0606948F204018E
:1085F00008436061606940F4803060614FF47A70D4
:10860000FEF7BEFA616921F0040121F400416161C5
:1086100028E0606920F400606061606920F47E7188
:10862000E8B241EAC0006061606940F00200606148
:10863000606940F4803060614FF47A70FEF7A0FA10
:10864000616921F4FD7121F4007100E031E06161A4
:1086500010B1C9F8005005E0D6E9021211446D1CB2
:10866000A9429FD8397F012918BF03290FD1226859
:1086700022F400722260226842F4006222602268C2
:1086800022F400622260226842F400722260022911
:1086900018BF03290BD1216841F480512160216862
:1086A00021F480512160216841F48061216087F8C4
:1086B0001C8087F80080BDE8F0870000F8000020EB
:1086C00000200240054901204A6942F000424A6107
:1086D000496911F0004F18BF002070470020024088
:1086E0002DE9F05F3A4E0746914630789A460D469E
:1086F000012804BF0220BDE8F09F012030704FF434
:108700007A70FEF73DFA5FEA000B4FF0000859D18E
:10871000C6F804802F4C206810F4806F08BF86F8DC
:108720001C8005D0206820F4806020600220307713
:1087300027B1012F18BF022F12D031E0606940F03D
:1087400001006061C5F80090BFF36F8FC5F804A009
:108750004FF001054FF47A70FEF712FA83462CE0D1
:10876000606940F480206061EFF3108072B6D9F840
:1087700000102960D9F80430291D6B6009F104024A
:108780005FF01F03D2F804C0C1F804C052F808CF4C
:1087900041F808CF5B1EF5D180F31088022F05D079
:1087A0004FF47A70FEF7ECF9834609E04FF4802528
:1087B0004FF47A70FEF7E4F983466069A84360617C
:1087C000FEF7AEF986F800805846BDE8F09F00003D
:1087D000F800002000200240084900204A6912F0F9
:1087E000004F08BF7047064A8A60064A8A60496996
:1087F00011F0004F18BF0120704700000020024018
:1088000023016745AB89EFCD0B680022002B08BF21
:1088100070472DE9F84F754D734C4FF001094FF03B
:10882000030C4FF00F0A05F1040E00BF0B6809FAA4
:1088300002F6334000F0D0800F7907F00307012FD4
:1088400018BF022F19D1D0F808804FEA42070CFA5E
:1088500007FB28EA0B08D1F80CB00BFA07F747EA38
:1088600008078760476827EA06060F79C7F30017ED
:1088700007FA02F747EA060646604E683CEA060633
:1088800004BF8E68012E0DD0C7684FEA42060CFA6D
:1088900006F827EA0807D1F8088008FA06F646EA3B
:1088A0000706C6600E7906F00306022E11D1D6081F
:1088B00000EB8607D7F820805607F60E0AFA06FB6B
:1088C00028EA0B08D1F810B00BFA06F646EA0806BB
:1088D0003E62066857000CFA07F826EA080691F887
:1088E000048008F0030808FA07F73E4306604E6864
:1088F00016F4403F70D0266E46F001062666266EBE
:1089000006F00106009622F0030606F1804707F5FF
:108910008037BE684FEA82784FEA18780AFA08FB77
:1089200026EA0B06B0F1904F08BF4FF0000B28D09D
:10893000A0F1904BBBF5806B08BF4FF0010B20D02E
:10894000A0F1904BBBF5006B08BF4FF0020B18D0A5
:10895000A0F1904BBBF5406B08BF4FF0030B10D05C
:10896000A0F1904BBBF5805B08BF4FF0040B08D023
:10897000A0F1904BBBF5A05B0CBF4FF0050B4FF087
:10898000060B0BFA08F848EA0606BE602E684F6828
:108990009E4317F4801F18BF1E432E60DEF8006050
:1089A0004F689E4317F4001F18BF1E43CEF80060A7
:1089B0000F4F3E68D1F804809E4318F4003F18BF63
:1089C0001E433E600B4F3E68D1F804809E4318F46E
:1089D000803F18BF1E433E600B68521CD3407FF49B
:1089E00025AFBDE8F88F00000010024008040140E8
:1089F00004040140000401400069084018BF012040
:108A00007047426921EA0203114043EA0141816152
:108A10007047002A14BF81618162704701488068F5
:108A200070470000EC00002090F8DD30022B1BBFE7
:108A300090F8DC30012B0220012314BF80F8DC30D9
:108A4000704710B44FF0020C80F8DDC04FF0000CFE
:108A500020294DD00CDC042934D004DC012925D098
:108A6000022929D00EE0082932D0102938D009E097
:108A7000402943D0802947D0B1F5807F4AD0B1F555
:108A8000007F4FD0072180F8DD1080F8DCC000BFE8
:108A900090F8DD10072902BF012010BC704780F854
:108AA000DD3080F8DCC010BC002070470168D1F8D0
:108AB000004462F3040410E00168D1F8004462F35A
:108AC0008A140AE00168D1F8004462F3103404E02B
:108AD0000168D1F8004462F39644C1F80044D7E736
:108AE0000168D1F8004462F31C64C1F80044CFE788
:108AF0000168D1F8044462F3040410E00168D1F87D
:108B0000044462F38A140AE00168D1F8044462F371
:108B1000103404E00168D1F8044462F39644C1F8CB
:108B20000444B5E70168D1F8044462F31C64C1F859
:108B30000444ADE790F8DD30022B19BF90F8DC302B
:108B4000012B022070472DE9F001012580F8DC504F
:108B5000022380F8DD300368D3F88043D3F8FCC3E8
:108B6000002620296CD00CDC04293AD004DC012931
:108B700021D0022929D00EE008293ED0102948D062
:108B800009E040297ED080297DD0B1F5807F7BD05F
:108B9000B1F5007F79D0072280F8DD2080F8DC6015
:108BA00090F8DD20072A71D010293CBF0168C1F878
:108BB000804363D265E0176824F4E02407F4E027DB
:108BC00052683C43C3F8BC23EAE717684FF46018C7
:108BD00024F4601408EAC70752683C43C3F8C02372
:108BE000DEE717684FF0E07824F0E07408EA8717B2
:108BF00052683C43C3F8C423D2E717684FF060685B
:108C000024F0606408EA472752683C43C3F8C8234D
:108C1000C6E717682CF0070CC7F3024747EA0C0CAD
:108C2000D3F8F87327F01F07C3F8F8730368D3F875
:108C3000F873127902F01F023A43C3F8F823AFE742
:108C40002CF07001D2F800C0702404EA1C3C4CEAFD
:108C5000010CD3F8F81321F47871C3F8F813016804
:108C6000D1F8F83352684FF4787404EA42121A4388
:108C7000C1F8F82390F8DD20072A7AD00168C1F8FE
:108C8000FCC304E00BE025E03FE057E071E080F832
:108C9000DD5080F8DC60BDE8F00100207047176807
:108CA0004FF4E0682CF4E06C08EA172747EA0C0C54
:108CB000D3F8F87327F4F847C3F8F8730368D3F8C8
:108CC000F87352684FF4F84808EA82223A43C3F82E
:108CD000F82365E717684FF4E0482CF4E04C08EA05
:108CE000171747EA0C0CD3F8F87327F4F817C3F8F2
:108CF000F8730368D3F8F87392884FF4F81808EA09
:108D000002423A43C3F8F8234AE717682CF4E02CF0
:108D100007F4E02747EA0C0CD3F8F87327F07877CC
:108D2000C3F8F8730368D3F8F87392884FF0787833
:108D300008EA42523A43C3F8F82331E717684FF480
:108D4000E0082CF4E00C08EA071747EA0C0CD3F80B
:108D5000F87327F0F847C3F8F8730368D3F8F8738B
:108D600012794FF0F84808EA82623A43C3F8F823D0
:108D700016E7BDE8F0010120704770477047704763
:108D800070477047704770477047704790F8DC2015
:108D9000012A04BF02207047012280F8DC20022350
:108DA00080F8DD30B1F1FF3F1AD00368D3F8CCC3AF
:108DB0004CF0020CC3F8CCC30368D3F8CCC32CF03E
:108DC0000C0C4CEA0101C3F8CC130168D1F8CC3388
:108DD00043F00103C1F8CC3380F8DD200020704758
:108DE0000168D1F8CC3323F00203C1F8CC33016819
:108DF000D1F8CC3343F00103C1F8CC33ECE70000E9
:108E000090F8DD30022B19BF90F8DC30012B0220E6
:108E1000704730B4012380F8DC304FF0020C80F84A
:108E2000DDC0B2F800C094880CF4E05CC4F3080420
:108E300044EA0C0C14896FF07E4504F4007444EA93
:108E40000C0C148A04F4804444EA0C0C948904F455
:108E5000004444EA0C0C948A05EA044444EA0C0CED
:108E6000946904F0007444EA0C0C146AD26904F0AA
:108E7000804444EA0C0C02F0004242EA0C02B8249E
:108E8000D0F800C004EBC1115CF80140064D2C4045
:108E900022434CF8012080F8DD30002180F8DC10FE
:108EA00030BC0846704700000020003C7047704707
:108EB0007047704770477047704790F8DD30022B5D
:108EC00019BF90F8DC30012B022070472DE9F00F1C
:108ED000012780F8DC70022380F8DD300668D6F8C0
:108EE000D0C3D6F8D43314784FF4007804F00105D9
:108EF000C4F340044FF4F0494FF4004A4FF0000B24
:108F000008297DD006DC01293BD0022951D0042953
:108F100067D003E0102974D0202973D0072180F88E
:108F2000DD1080F8DCB090F8DD10072902BF0120C9
:108F3000BDE8F00F70470CF07F31C6F8D01302681F
:108F400023F0800121F40041C2F8D4130168D1F864
:108F5000D0230CF0803C42EA0C02C1F8D023016817
:108F6000D1F8D42348F2800C03EA0C031A43C1F869
:108F7000D42380F8DD7080F8DCB0BDE8F00F00206D
:108F800070472CF0FE0192F804C023F480330CF0FB
:108F9000020C4CEA010192F808C0127B41EA8501FB
:108FA0000CF0780C43EA04434CEA010102F0800221
:108FB00056E02CF47E41D2F804C023F4003308EAD2
:108FC0000C2C4CEA0101D2F808C0D26841EA852194
:108FD00009EA0C2C43EA44434CEA01010AEA022262
:108FE0003EE02CF47E01B2F804C04FF4003808EAE9
:108FF0000C4C4CEA010141EA854123F4802302E054
:1090000011E030E043E043EA8443B2F808C04FF493
:10901000F00404EA0C4C4CEA010192894FF4000C74
:109020000CEA02421CE02CF07E4192F804C04FF0A2
:10903000007808EA0C6C4CEA010123F4002343EAAF
:10904000C44392F808C04FF0F04441EA856104EA55
:109050000C6C4CEA0101127B4FF0004C0CEA0262EE
:1090600042EA010C5FE723F0FE01137903F00203EB
:109070001943137A41EA850121F48011127B41EAF8
:10908000045103F07803194302F0800212E023F444
:109090007E41536808EA03231943936841EA852116
:1090A00021F40011D26841EA445109EA032319432B
:1090B0000AEA022242EA010335E7000090F8DD30B7
:1090C000022B1BBF90F8DC30012B0220012314BFC0
:1090D00080F8DC30704710B44FF0020C80F8DDC02F
:1090E0004FF0000C082949D006DC01291CD00229C8
:1090F00028D0042934D003E010294DD0202959D09C
:10910000072180F8DD1080F8DCC000BF90F8DD108A
:10911000072902BF012010BC704780F8DD3080F8BD
:10912000DCC010BC0020704711685268890041EA19
:10913000C2120168D1F8084424F0BC042243C1F8EB
:109140000824E3E711685268890241EAC2320168E3
:10915000D1F8084424F43C442243C1F80824D5E75C
:1091600011889288890441EAC2520168D1F8084402
:1091700024F43C042243C1F80824C7E7117812798B
:10918000890641EAC2720168D1F8084424F03C44DF
:109190002243C1F80824B9E711685268890041EAFE
:1091A000C2120168D1F80C4424F0BC042243C1F877
:1091B0000C24ABE711685268890241EAC2320168A7
:1091C000D1F80C4424F43C442243C1F80C249DE71C
:1091D00011F0010F06D00368D3F8D0C362F3000C7E
:1091E000C3F8D0C311F0020F06D00368D3F8D0C380
:1091F00062F3082CC3F8D0C311F0040F06D0036843
:10920000D3F8D0C362F3104CC3F8D0C311F0080FE9
:1092100006D00368D3F8D0C362F3186CC3F8D0C388
:1092200011F0100F06D00368D3F8D4C362F3000C1A
:10923000C3F8D4C311F0200F08BF70470068D0F8FE
:10924000D41362F30821C0F8D413704790F8DD20DE
:10925000022A19BF90F8DC20012A022070474FF043
:10926000010280F8DC204FF0020380F8DD30036853
:10927000D3F8D4C301F040712CF0407C4CEA0101DA
:10928000C3F8D41380F8DD204FF0000180F8DC1023
:10929000084670472DE9F05F026804464FF0020966
:1092A0004FF0040A4FF00108FF2900F0D58006298D
:1092B00000F034810F464FF0840000EBC71052F8E5
:1092C00000B04FF08C0000EBC11016584FF0880032
:1092D0001BF0010F00EBC71518BF16F0010F04D0EB
:1092E00042F805802046FFF74BFD1BF0020F18BF28
:1092F00016F0020F06D0206840F805903946204647
:10930000FFF73FFD1BF0040F18BF16F0040F06D047
:10931000206840F805A039462046FFF733FD1BF0D2
:10932000080F18BF16F0080F07D021684FF008008B
:10933000485139462046FFF726FD1BF0100F18BF95
:1093400016F0100F07D021684FF010004851394631
:10935000204600F021FA1BF0400F18BF16F0400F16
:1093600007D021684FF0400048513946204600F0B0
:1093700012FA1BF0800F18BF16F0800F07D021687B
:109380004FF08000485139462046FFF7F7FC1BF4A8
:10939000807F18BF16F4807F07D021684FF480705B
:1093A000485139462046FFF7EAFC1BF4007F18BFFE
:1093B00016F4007F07D021684FF4007048513946F9
:1093C000204600F0BEF91BF4806F18BF16F4806FC2
:1093D00007D021684FF4806048513946204600F09C
:1093E000AFF91BF4006F18BF16F4006F07D02168A7
:1093F0004FF4006048513946204600F0A4F91BF4B0
:10940000805F18BF16F4805F07D021684FF480504A
:1094100048513946204600F095F91BF4005F18BF0B
:1094200016F4005F07D021684FF4005048513946C8
:109430002046FFF7A9FC1BF4804F14BF16F4804FA1
:10944000BDE8F09F4FF480402168485139462046DE
:10945000FFF72CFDBDE8F09FD2F88853D2F8906357
:1094600015F0010F18BF16F0010F04D0C2F88C835D
:109470002046FFF71CFD15F0020F18BF16F0020F73
:1094800005D02068C0F88C932046FFF711FD15F039
:10949000040F18BF16F0040F05D02068C0F88CA385
:1094A0002046FFF706FD15F0080F18BF16F0080F4D
:1094B00007D021684FF00800C1F88C032046FFF761
:1094C000F9FC15F0100F18BF16F0100F07D0216827
:1094D0004FF01000C1F88C032046FFF7ECFC15F0AC
:1094E000400F18BF16F0400F07D021684FF0400022
:1094F000C1F88C032046FFF7DFFC15F0200F14BFE6
:1095000016F0200FBDE8F09F4FF020002168C1F851
:109510008C03204600F06BF9BDE8F09FD2F8887309
:10952000D2F890635568D2F80CB017F4803F18BF9A
:1095300016F4803F0CD04FF48030C2F88C0384F8CE
:10954000DD804FF0000084F8DC002046FFF71DFCB2
:1095500017F4003F18BF16F4003F07D021684FF4FE
:109560000030C1F88C032046FFF707FC15F0010F0F
:1095700018BF1BF0010F07D02068C0F808804FF01B
:1095800006012046FFF7FCFB15F0020F18BF1BF089
:10959000020F07D02068C0F808904FF0060120465F
:1095A000FFF7EFFB15F0040F18BF1BF0040F07D0F7
:1095B0002068C0F808A04FF006012046FFF7E2FB44
:1095C00015F0080F18BF1BF0080F08D021684FF0E6
:1095D000080088604FF006012046FFF7D4FB15F025
:1095E000100F18BF1BF0100F08D021684FF01000AB
:1095F00088604FF00601204600F0CEF815F0200FED
:1096000018BF1BF0200F06D021684FF020008860A3
:10961000204600F0EBF815F0400F14BF1BF0400F90
:10962000BDE8F09F4FF04000216888604FF00601D0
:10963000204600F0B0F8BDE8F09F0000002804BF0D
:109640000120704738B50446022084F8DD0000256B
:10965000C4F8E050C4F8E450C4F8E850C4F8EC5042
:10966000C4F8F050C4F8F450C4F8F850207A10F060
:10967000010F1DD02068A0F18041B1F5B43108D1AF
:109680001F48016E41F080610166006E00F080604D
:10969000009020680168228A21F4404102F440428F
:1096A0001143A28A21F4405102F440521143016057
:1096B000204600F027F8207A10F0020F08D020682A
:1096C0000168A28921F4407102F4407211430160E3
:1096D000012084F8DD00002184F8DC505FF00702EF
:1096E000C1EBC10004EB8000491C8561C5610562C6
:1096F000456285620563521EF2D1002038BD00002C
:109700000010024008B50068A0F18041B1F5B43105
:1097100018BF08BD0948016E41F080610166006E06
:10972000002200F0806000901146432000F0D4FD3C
:10973000BDE80840432000F0BFBD0000001002401B
:10974000704770477047704770B50D460446FFF785
:1097500065F906462068D0F8880310F4803F0ED1E2
:10976000B5F1FF3F05D0FFF759F9801BA8420DD88E
:1097700065B12068D0F8880310F4803FF0D0012054
:1097800084F8DD00002084F8DC0070BD072084F838
:10979000DD00032070BD70470068A0F18042B2F583
:1097A000B4320CBF06297047FBF77AB890F8DD2079
:1097B000022A19BF90F8DC20012A022070474FF0DE
:1097C000010280F8DC204FF0020380F8DD300368EE
:1097D000D3F884C34CEA0101C3F8841380F8DD2078
:1097E0004FF0000180F8DC10084670477047704762
:1097F00030B490F8DD30022B02BF022030BC70473D
:10980000022380F8DD30062925D08023D0F800C05F
:1098100003EBC1135CF80340956824F007042C4364
:10982000D56824F018042C434CF803409424D0F855
:1098300000C004EBC11413684CF804304FF0980CCE
:1098400003680CEBC11152685A50012180F8DD10F9
:1098500030BC0020704701680B68D2F808C023F0C4
:1098600007034CEA0303D2F80CC023F018034CEAB8
:1098700003030B60036811685961516802689161C4
:10988000E3E7000090F8DDC0BCF1020F19BF90F8CB
:10989000DCC0BCF1010F022070472DE9F003012765
:1098A00080F8DC704FF0020C80F8DDC000264FF02D
:1098B000070806291DD04FF09C0C0CEBC115012A9E
:1098C00040D0A8244FF0800C04EBC1140CEBC11C59
:1098D000022A3BD0042A5DD0082A1CBF80F8DD8014
:1098E00080F8DC605AD000BF90F8DD1007297CD0EA
:1098F00010E0012A16D0022A18D0042A1AD0082A09
:109900001CBF80F8DD8080F8DC6017D090F8DD1097
:10991000072972D080F8DD7080F8DC60BDE8F003C4
:109920000020704702681968D161EFE70268196882
:109930005162EBE7026819689162E7E7026819680B
:10994000D162E3E7026819685151CDE74FF0A409ED
:10995000D0F8008009EBC1111A6848F80120596855
:109960000029016851F80C2022F4405242D041F8FD
:109970000C20016851F80C20D3F8048042EA080258
:1099800041F80C205968B1F5005F2FD0B1F5405F68
:1099900027D0A9E7026819681151A5E74FF0AC0973
:1099A000D0F8008009EBC1111A6848F80120596805
:1099B0000029016851F80C2022F440421AD041F8E5
:1099C0000C20016851F80C20D3F8048042EA880288
:1099D00041F80C205968B1F5005F07D0B1F5405F40
:1099E00082D10268996811517EE706E002689968A1
:1099F000515179E741F80C2076E7BDE8F0030120EA
:109A00007047000090F8DC20012A04BF0220704754
:109A10002DE9F001012480F8DC40022280F8DD20ED
:109A20000268D2F89033D0F804C043EA0C03C2F8BD
:109A3000903311F4803F06D00268D368D0F8C8C0D4
:109A400043EA0C03D3600022124E8C2556F82230D4
:109A50000B420ED0036805EBC21C53F80C70C2EB2E
:109A6000C20800EB8808D8F8208047EA080743F8C6
:109A70000C70521CD2B2062AE8D30268136819434C
:109A8000116080F8DD40002180F8DC10BDE8F001B5
:109A9000084670471801002070B5044690F8DD00B4
:109AA000022808BF70BD94F8DC00012804BF022022
:109AB00070BD012584F8DC50022084F8DD002046CA
:109AC00002F0C8F884F8DD50002084F8DC0070BD96
:109AD00090F8DC20012A04BF02207047012280F8A0
:109AE000DC20022380F8DD300368D3F894C34CEA0D
:109AF0000101C3F8941380F8DD20002180F8DC1008
:109B00000846704790F8DC20012A04BF0220704705
:109B1000012280F8DC20022380F8DD300368D3F8CE
:109B200098C34CEA0101C3F8981380F8DD200021A6
:109B300080F8DC10084670472DE9F04F90F8DD30D2
:109B4000022B19BF90F8DC30012B0220BDE8F08F0A
:109B50004FF0010380F8DC304FF0020380F8DD3075
:109B60004FF0800303EBC11C062973D0036853F840
:109B70000C4024F0704443F80C40056855F80C6024
:109B8000E82303EBC11E55F80E80E42303EBC11A52
:109B900055F80A40D5F8A033576926F020063E4311
:109BA000202F19BF9769022F26F4C07646F02006B1
:109BB00010D0032F04BF46F0800626F4807609D02B
:109BC000042F07BF46F4807626F0800626F0200694
:109BD00026F4C07626F40066D7693E43176A26F459
:109BE00080663E43576A26F0C0663E43976A26F079
:109BF00000663E43D76A26F070463E43576B26F414
:109C00000036B7F1005F08BF46F4003626F0400783
:109C1000966BD2F85890374327F4802749EA070714
:109C200027F47907D2F8509027F0807749EA0707A0
:109C300092F83C9028F03F0809F03F0949EA0808EB
:109C4000D2F8409028F0004849EA0808002E4DD18B
:109C500046E0FFE704682368D4F8A063556923F061
:109C600020032B4323F0C003202D19BF9569022D3B
:109C700023F0C00343F0200310D0032D04BF43F0B2
:109C8000400323F0800309D0042D07BF43F0800375
:109C900023F0400323F0200323F0C00323F40063E8
:109CA000D5692B43156A23F480632B43556A23F04F
:109CB000C0632B43956A23F000632B43D56A23F0DE
:109CC000404343EA8503556B23F000532B4326F4AE
:109CD0008035166B236035430368C3F8A05358E002
:109CE000D2F8449024F4807449EA0404D2F84890ED
:109CF000B9F5606F18BFB9F5F05F01D1402E03D1FF
:109D000024F4F05449EA0404D66C24F48044264335
:109D1000546D06292DD2DFE801F0030A11181F2621
:109D2000D2F8309023F4003343EA490321E0D2F81B
:109D3000309023F4802343EA89031AE0D2F830906C
:109D400023F4002343EAC90313E0D2F8309023F44C
:109D5000801343EA09130CE0D2F8309023F4001387
:109D600043EA491305E0D2F8309023F4800343EA34
:109D7000891345F80C70056845F80E80056845F8AC
:109D80000A60D427066807EBC11574510468C4F84B
:109D9000A033C1EBC10300EB830314681C62546859
:109DA0005C6294689C62D468DC6214691C63072955
:109DB00033D2DFE801F00C121A20262C04000168CF
:109DC000D1F8842342F00102C1F8842333E0016812
:109DD000D1F8843343F0020304E00168D1F88433FE
:109DE00043F00403C1F8843319E00168D1F88433E7
:109DF00043F00803F6E70168D1F8843343F0100319
:109E0000F0E70168D1F8843343F02003EAE7016802
:109E1000D1F8843343F04003E4E706290BD0D16A3C
:109E200049B9016851F80C30D26D23F4007343EA4C
:109E3000422241F80C20012180F8DD10002180F839
:109E4000DC100846BDE8F08F90F8DD30022B19BF1A
:109E500090F8DC30012B0220704730B4012380F8E9
:109E6000DC304FF0020C80F8DDC0EC24D0F800C0EC
:109E700004EBC1145CF80410156821F0100141EAEC
:109E80000511556821F480112943D56821F48031EA
:109E90002943956821F4003129439569012D09D1A1
:109EA000156921F004012943526921F0020111438F
:109EB00041F001014CF8041080F8DD30002180F8F9
:109EC000DC1030BC0846704790F84120202A24D18D
:109ED00090F84020012A20D0012280F8402024223E
:109EE00080F841200268136823F0010313600268C0
:109EF000136823F4805313600268136819431160D8
:109F000001680A6842F001020A60202180F84110CD
:109F1000002180F84010084670470220704790F8F2
:109F20004120202A22D190F84020012A1ED001226F
:109F300080F84020242280F841200268136823F032
:109F4000010313600268136823F4706343EA01217C
:109F5000116001680A6842F001020A60202180F85D
:109F60004110002180F840100846704702207047D9
:109F7000002804BF0120704770B5044690F84100E6
:109F8000002520B984F84050204600F04DF82420E8
:109F900084F841002068016821F0010101606068D7
:109FA000216820F0706008612068816821F4004118
:109FB0008160E0680128A0680CBF40F4004040F4D4
:109FC000044021688860E0680228206841680CBF6E
:109FD00041F4006121F4006141602068416841F46E
:109FE000004141F0007141602068C16821F40041E6
:109FF000C160D4E904010843A16940EA0120216855
:10A00000C860D4E907010843216808602068016836
:10A0100041F0010101606564202084F8410025635E
:10A0200084F84250002070BD2DE9F0439BB000241D
:10A03000064615941694179418945421684619945A
:10A04000FAF77CFA3068A0F18041B1F5A8411CBF55
:10A050001BB0BDE8F083402000900794684600F0F4
:10A06000E7F9002818BFFCF758FD314DE86C40F0C7
:10A070000100E864E86C00F001001A90E86C40F020
:10A080000200E864E86C4FF0120800F002001A9039
:10A090004FF004094FF40040CDE91684CDE918498A
:10A0A000159015A94FF09040FEF7AEFBCDE9168450
:10A0B000CDE918498027159715A91E48FEF7A4FB7E
:10A0C000A86D40F40010A865A86D1C4D00F40010A8
:10A0D0001A90194828604FF01008C5E90184C5E9B5
:10A0E00003476C614FF48059AC61C5E907492846C4
:10A0F000FEF712F9002818BFFCF70FFDF563AE62FA
:10A10000104D0F482860C5E903476C611120AC6110
:10A11000C5E90108C5E907492846FEF7FDF800280A
:10A1200018BFFCF7FAFCB563AE621BB0BDE8F08364
:10A1300000100240000400486C0402405C33002020
:10A1400080040240BC330020002804BF0120704777
:10A1500070B504464CF6CC4021680860216845F291
:10A1600055500860D4E9000141602168A06888600A
:10A17000FEF754FC05462068C06810F0070F18BFB2
:10A1800041F6010611D000BFFEF748FC401BB0426B
:10A1900006D92068C06810F0070F01D0032070BDF9
:10A1A0002068C06810F0070FEED120680269E168EE
:10A1B0008A4212BF01614AF6AA210160002070BDE7
:10A1C00000684AF6AA2101600020704702488168B1
:10A1D0004268114481607047EC00002010B50024F3
:10A1E000032000F0ABF8002000F008F8002814BFAE
:10A1F000012400F025F8204610BD000070B50E4E79
:10A2000005460024706898B14FF47A71B1FBF0F004
:10A210000A490968B1FBF0F000F074FE40B9102D56
:10A2200006D200222946501E00F056F8356000E0A4
:10A230000124204670BD0000EC0000203401002005
:10A240001C4808B5016E41F001010166016E01F084
:10A2500001010091816D41F080518165806D00F0B8
:10A2600080500090052000F069F8012200216FF075
:10A270000B0000F031F8012200216FF00A0000F01D
:10A280002BF8012200216FF0090000F025F80021D1
:10A290000122481F00F020F800210122081F00F0D1
:10A2A0001BF800210122881E00F016F8BDE80840C6
:10A2B00000F0B6B8001002400028B8BF704700F0A8
:10A2C0001F01012202FA01F14009800000F1E020A3
:10A2D000C0F8001170470000174B10B41B68C3F39F
:10A2E0000223C3F1070CBCF1040F88BF4FF0040C2C
:10A2F0001C1D072C34BF0023DB1E012404FA0CFCB8
:10A30000ACF1010C0CEA0101994004FA03F35B1E65
:10A310001A40114300284FEA0111A1BF00F1E020CB
:10A3200080F8001410BC704700F00F0000F1E0202E
:10A3300080F8141D10BC70470CED00E0074900F0D8
:10A3400007000A684FF6FF031A4042EA002040F077
:10A35000FD7040F080600860704700000CED00E088
:10A360002C4932222C4B09684A432C4950B1B0F594
:10A37000007F08682BD020F4C06040F48060086043
:10A3800000207047086800F4C060B0F5806FD1F815
:10A39000800020F4807002D0C1F88000F0E7C1F89E
:10A3A0008000086820F4C06040F400700860B2FBD0
:10A3B000F3F000F101004A6912F4806F1CBF00281D
:10A3C000401EF8D1486910F4806F20D1D8E700F41E
:10A3D000C060B0F5806FD1F8800040F48070DBD1B0
:10A3E000C1F88000086820F4C06040F40070086084
:10A3F000B2FBF3F000F101004A6912F4806F1CBF58
:10A400000028401EF8D1486910F4806FB8D04FF092
:10A41000030070473401002040420F0000700040EC
:10A420000248816841F480418160704700700040BB
:10A430002DE9F843044600680026CC4D10F4002FA7
:10A440006CD0A86D002710F0805F08D1A86D40F097
:10A450008050A865A86D012700F080500090DFF8BB
:10A460001093D9F8000040F48070C9F80000FEF79E
:10A47000D5FA8046D9F8000010F4807F0BD100BFD8
:10A48000FEF7CCFAA0EB0800022833D8D9F8000078
:10A4900010F4807FF4D0D5F8900010F440701CBF09
:10A4A000216D814211D0D5F89000D5F8901020F49C
:10A4B000407041F48031C5F89010D5F8901021F427
:10A4C0008031C5F89010C5F8900010F0010F18D039
:10A4D000FEF7A4FA8046D5F8900010F0020F08BFEE
:10A4E00041F288390DD100BFFEF798FAA0EB0800C1
:10A4F000484501D903260CE0D5F8900010F0020F72
:10A50000F2D0D5F89000216D20F440700843C5F8D2
:10A5100090001FB1A86D20F08050A865207810F041
:10A52000010F07D0D5F88800616820F003000843C8
:10A53000C5F88800207810F0020F07D0D5F8880001
:10A54000A16820F00C000843C5F88800207810F0BE
:10A55000040F07D0D5F88800E16820F030000843E8
:10A56000C5F88800207810F0080F07D0D5F88800CB
:10A57000216920F0C0000843C5F88800207810F059
:10A58000100F07D0D5F88800616920F440700843A7
:10A59000C5F88800207810F0200F07D0D5F8880083
:10A5A000A16920F440600843C5F88800207810F0C5
:10A5B000400F07D0D5F88800E16920F440500843E7
:10A5C000C5F88800207810F0800F07D0D5F88800F3
:10A5D000216A20F440400843C5F88800208810F420
:10A5E000807F07D0D5F88800616A20F440300843A6
:10A5F000C5F88800206810F4003F07D0D5F89C000B
:10A60000A16A20F003000843C5F89C00208810F4DC
:10A61000007F07D0D5F88800E16A20F44020084385
:10A62000C5F88800208810F4806F0FD0D5F8880016
:10A63000216B20F440100843C5F88800206BB0F56A
:10A64000801F03D1E86840F48010E860208810F48F
:10A65000006F0FD0D5F88800616B20F440000843EC
:10A66000C5F88800606BB0F5800F03D1E86840F44E
:10A670008010E860208810F4805F0FD0D5F8880043
:10A68000A16B20F040700843C5F88800A06BB0F1C2
:10A69000807F03D1E86840F48010E860208810F4DF
:10A6A000005F0FD0D5F88800E16B20F040600843D0
:10A6B000C5F88800E06BB0F1006F03D1E86840F4A2
:10A6C0008010E860208810F4804F0FD0D5F8880003
:10A6D000216C20F040600843C5F88800206CB0F180
:10A6E000006F03D1E86840F48010E860208810F41F
:10A6F000004F0FD0D5F88800616C20F0405008431F
:10A70000C5F88800606CB0F1805F03D1E86840F460
:10A710008030E860206810F4803F0FD0D5F88800C2
:10A72000A16C20F040400843C5F88800A06CB0F14F
:10A73000804F03D1E86840F48030E860206810F46E
:10A74000802F0FD0D5F89C00E16C20F44010084316
:10A75000C5F89C00E06CB0F5001F03D1E86840F438
:10A760008010E8603046BDE8F88300000010024029
:10A77000007000402DE9F0470E4605004FF000083C
:10A780007ED0764F386800F00F00864209D93868CD
:10A7900020F00F0030433860386800F00F00B042FE
:10A7A0006ED129686E4C11F0010F41F2883A66D0E3
:10A7B0006868DFF8B091032806D00228206832D0FC
:10A7C00010F4806F5CD031E0206810F0007F57D02B
:10A7D000E06800F00302E068C0F30310401C032AA5
:10A7E00019D0614AB2FBF0F0E268C2F3062250438E
:10A7F000E268C2F34162521C5200B0FBF2F04845DD
:10A8000020D9A06810F0F00F14D011F0020F19D069
:10A81000A86878B116E0554AB2FBF0F0E268C2F3DE
:10A8200006225043E4E710F4003F60D000F0D0F877
:10A83000484507D9A06820F0F00040F08000A060F3
:10A840004FF08008A068696820F003000843A0600A
:10A85000FEF7E4F88146A068696800F00C00B0EBF0
:10A86000810F0CD0FEF7DAF8A0EB090050453BD879
:10A87000A068696800F00C00B0EB810FF2D100E035
:10A8800035E0286810F0020F34D010F0040F03D028
:10A89000A06840F4E060A060287810F0080F05D0B0
:10A8A000A06820F4605040F4E060A060A068A9684F
:10A8B00020F0F0000843A060386800F00F00B042BC
:10A8C00025D9386820F00F0030433860FEF7A6F82D
:10A8D0008046386800F00F00B04218D0FEF79EF8AE
:10A8E000A0EB080050450DD90320BDE8F0870120FA
:10A8F000BDE8F087B8F1800F04BFA06820F0F00039
:10A90000DAD1D8E7386800F00F00B042E6D12878F5
:10A9100010F0040F05D0A068E96820F4E060084357
:10A92000A060287810F0080F06D0A068296920F4EC
:10A93000605040EAC100A06000F04AF8A1680C4AEB
:10A94000C1F30311515C01F01F01C84009490860BF
:10A9500009480068BDE8F047FFF750BC00200240FE
:10A960000010024000B4C4040024F40000127A0075
:10A97000E038010834010020EC00002001480068A4
:10A9800070470000340100200548064900688968C6
:10A99000054AC1F30221515C01F01F01C840704714
:10A9A0003401002000100240F03801080548064933
:10A9B00000688968054AC1F3C221515C01F01F019A
:10A9C000C84070473401002000100240F0380108F0
:10A9D0001849886800F00C021748042A08BF70471D
:10A9E0008A6802F00C03154A082B04BF1046704712
:10A9F0008B684FF00C0C3CEA03031CBF002070472F
:10AA0000CB6803F0030CCB68C3F303135B1CBCF1EE
:10AA1000030F14BFB0FBF3F0B2FBF3F0CA68C968D0
:10AA2000C2F306225043C1F34161491C4900B0FB07
:10AA3000F1F07047001002400024F40000127A0088
:10AA4000002804BF012070472DE9F8430446007830
:10AA5000FF4D10F0010F55D0A868E96800F00C0018
:10AA600001F003010C2802D0082820D001E00329BE
:10AA70001DD06068B0F5803F22D0B0F5A02F2868C7
:10AA80000CBF40F4802020F48030286028680CBF80
:10AA900040F4803020F480202860606800B3FDF727
:10AAA000BDFF0646286810F4003F0ED02AE0286853
:10AAB00010F4003F26D06068002800F01A8221E0E0
:10AAC000286840F480302860E7E7FDF7A7FF801B87
:10AAD000642800F27A81286810F4003FF5D011E074
:10AAE000FDF79CFF0646286810F4003F0AD000BF1F
:10AAF000FDF794FF801B642800F26781286810F43A
:10AB0000003FF5D1207810F0020F56D0A86800F071
:10AB10000C01E8680C2900F0030002D0042911D0D0
:10AB200001E002280ED0E0680028286832D040F406
:10AB300080702860FDF772FF0646286810F4806F69
:10AB400017D01FE0286810F4806F03D0E068002859
:10AB500000F0CF816868217C20F0FE4040EA01606F
:10AB60006860BC480068FFF749FB002840F0C181DD
:10AB700023E0FDF753FF801B02287DD8286810F4DE
:10AB8000806FF6D06868217C20F0FE4040EA0160CA
:10AB9000686012E020F480702860FDF73FFF0646F1
:10ABA000286810F4806F08D0FDF738FF801B02285A
:10ABB00062D8286810F4806FF6D1207810F0080F62
:10ABC00032D060690028D5F8940016D040F001001A
:10ABD000C5F89400FDF722FF0646D5F8940010F062
:10ABE000020F21D1FDF71AFF801B022844D8D5F8A7
:10ABF000940010F0020FF5D016E020F00100C5F827
:10AC00009400FDF70BFF0646D5F8940010F0020FF4
:10AC10000AD000BFFDF702FF801B02282CD8D5F810
:10AC2000940010F0020FF5D1207810F0040F7CD0C2
:10AC3000A86D002710F0805F08D1A86D40F080500B
:10AC4000A865A86D012700F080500090DFF8088209
:10AC5000D8F8000010F4807F19D1D8F8000040F433
:10AC60008070C8F80000FDF7D9FE0646D8F800004D
:10AC700010F4807F0BD100E077E0FDF7CFFE801B62
:10AC8000022872D8D8F8000010F4807FF3D0A068B2
:10AC9000012820D00528D5F890000CBF40F0040012
:10ACA00020F00100C5F89000D5F890000CBF40F0EE
:10ACB000010020F00400C5F8900000BFA06841F238
:10ACC0008838D0B1FDF7AAFE0646D5F8900010F0FE
:10ACD000020F07D024E0D5F8900040F00100C5F83D
:10ACE0009000EBE7FDF79AFE801B40456DD8D5F844
:10ACF000900010F0020FF5D012E0FDF78FFE06462F
:10AD0000D5F8900010F0020F0AD000BFFDF786FEC4
:10AD1000801B404559D8D5F8900010F0020FF5D1AE
:10AD20001FB1A86D20F08050A865207810F0200F8A
:10AD300032D0A0690028D5F8980017D040F0010063
:10AD4000C5F89800FDF76AFE0646D5F8980010F0A1
:10AD5000020F21D1FDF762FE801B022835D8D5F8FD
:10AD6000980010F0020FF5D016E02EE020F0010060
:10AD7000C5F89800FDF752FE0646D5F8980010F089
:10AD8000020F09D0FDF74AFE801B02281DD8D5F816
:10AD9000980010F0020FF5D1E069E8B3A9680C2221
:10ADA00032EA010174D00228286820F080702860FF
:10ADB0000ED0FDF733FE0446286810F0007F61D006
:10ADC000FDF72CFE001B022858D90320BDE8F883AC
:10ADD000FDF724FE0646286810F0007F09D000BF6A
:10ADE000FDF71CFE801B0228EFD8286810F0007FBA
:10ADF000F6D1D4E908016FF00F0202EB011108430C
:10AE0000218E4908520402EB4151A26A41EA022113
:10AE1000084394F8341000E06EE049084FF07E4299
:10AE200002EB4161084394F82C1040EAC160E968E4
:10AE30000A4A11400843E860286840F080702860A2
:10AE4000E86840F08070E860FDF7E8FD044607E040
:10AE500000100240EC000020007000400C809F01B8
:10AE6000286810F0007F47D1FDF7D8FD001B0228AD
:10AE7000ABD8286810F0007FF6D03DE0286810F0CD
:10AE8000007F9DD1E8681E490840E86034E0FFE794
:10AE9000012808BFBDE8F883E868226A00F00301D2
:10AEA000914226D1616A00F0F00209011039914205
:10AEB0001FD1A26A00F4FE41B1EB022F19D194F820
:10AEC0002C2000F07841B1EBC26F12D1218E00F43A
:10AED000C00249084905A1F50011914209D194F831
:10AEE000341000F0C06049084906A1F100718142A8
:10AEF00002D00120BDE8F8830020BDE8F8830000FF
:10AF0000FCFFEEFE411EB1F1807F24BF012070479F
:10AF10004FF0E0204161054AF02182F8141D002124
:10AF20008161072101610020704700000FE000E00F
:10AF300070477047704770477047704790F83C20E3
:10AF4000012A04BF022070472DE9F0014FF0010CE7
:10AF500080F83CC0022280F83D2002685368946863
:10AF6000224D234E234FAA421CBFB242BA4205D102
:10AF7000D1F8048023F4700348EA030323F070033C
:10AF8000D1F8008023F0007348EA0303536002689D
:10AF9000AA4218BFB2F1804F17D0A2F18043B3F597
:10AFA00080631CBFA2F18043B3F500630DD0A2F112
:10AFB0008043B3F5406318BFB24206D0A2F180438C
:10AFC000B3F5A03318BFBA4205D1896824F08003D5
:10AFD00041EA0301916080F83DC04FF0000180F824
:10AFE0003C10BDE8F001084670470000002C01400D
:10AFF00000340140005001407047002804BF012088
:10B00000704710B5044690F83D0028B9002084F838
:10B010003C00204600F022F8022084F83D00211D6B
:10B02000206801F097FC012084F8480084F83E0075
:10B0300084F83F0084F8400084F8410084F842001E
:10B0400084F8430084F8440084F8450084F84600FE
:10B0500084F8470084F83D00002010BD08B5016861
:10B060001748A1F18042B2F5805217D0A1F1804279
:10B07000B2F5A05218BF08BD816D41F02001816575
:10B08000806D002200F02000009002213720FFF7A1
:10B0900023F9BDE808403720FFF70EB9816D41F074
:10B0A00010018165806D002200F0100000900321E6
:10B0B0003620FFF711F9BDE808403620FFF7FCB84D
:10B0C0000010024090F83D1001291CBF012070477C
:10B0D000022180F83D100168CA6842F00102CA608E
:10B0E0000068A0F18041B1F5963118BFB0F1804FF2
:10B0F00023D0A0F18041B1F580611CBFA0F1804157
:10B10000B1F5006119D0A0F18041B1F540611CBFDB
:10B11000A0F18041B1F59A310FD0A0F18041B1F595
:10B12000A0311CBFA0F18041B1F5A83105D0016864
:10B1300041F001010160002070478168034A11401D
:10B14000062918BFB1F5803FF5D0F0E707000100F0
:10B1500070472DE9F04104460068C66805694FF064
:10B16000000715F0020F18BF16F0020F13D06FF092
:10B1700002010161012020772068806910F0030F2F
:10B18000204602D0FFF7E4FF04E000F0CDF82046AF
:10B1900000F0CBF8277715F0040F18BF16F0040F56
:10B1A00014D021686FF00400086102202077206825
:10B1B000806910F4407F204602D0FFF7C9FF04E009
:10B1C00000F0B2F8204600F0B0F8277715F0080F2D
:10B1D00018BF16F0080F14D021686FF0080008613E
:10B1E000042020772068C06910F0030F204602D0A9
:10B1F000FFF7AEFF04E000F097F8204600F095F866
:10B20000277715F0100F18BF16F0100F14D0216813
:10B210006FF010000861082020772068C06910F4E2
:10B22000407F204602D0FFF793FF04E000F07CF857
:10B23000204600F07AF8277715F0010F18BF16F0B6
:10B24000010F06D021686FF001000861204600F070
:10B250006DF815F4025F18BF16F0800F06D0216854
:10B260006FF4025008612046FFF763FE15F4807FFB
:10B2700018BF16F0800F06D021686FF48070086147
:10B280002046FFF755FE15F0400F18BF16F0400F8F
:10B2900006D021686FF040000861204600F07AF87F
:10B2A00015F0200F18BF16F0200F06D021686FF0A0
:10B2B000200008612046FFF73DFE15F4801F18BFEF
:10B2C00016F4801F06D021686FF4801008612046B4
:10B2D000FFF732FE15F4001F18BF16F4001F06D04A
:10B2E00021686FF4001008612046FFF724FE15F472
:10B2F000800F18BF16F4800F06D021686FF480000D
:10B3000008612046FFF719FE15F4000F14BF16F46C
:10B31000000FBDE8F0816FF400002168086120464D
:10B32000BDE8F041FFF768BE704770470068A0F1C4
:10B330008041B1F5A0510FD0A0F18041B1F580510D
:10B3400018BF70471148017A0022027211F0010FF4
:10B3500018BF427207D101E003F0F8B9437AFF2B1E
:10B360003CBF5B1C437211F0020F18BF827204D104
:10B37000817AFF293CBF491C8172417A0A293ABF70
:10B38000807A0A2870470248FEF71ABF00000020A2
:10B390001C340020704790F88410012904BF02205B
:10B3A0007047012180F884102421C0F888100168BA
:10B3B0000A680B6823F001030B6022F000510022A1
:10B3C0004266036819602021C0F8881080F8842044
:10B3D0001046704710B50446D0F88C0020281CBFDA
:10B3E000022010BD002918BF002A4FF0010008BF3D
:10B3F00010BDE0664FF000002067204601F03EFEE1
:10B40000030004D1E06E012818BF012301D01846C3
:10B4100010BD216810200862216851E8000F40F03B
:10B42000100041E80002002AF6D1F0E72DE9F041D2
:10B430000068A0F18042B2F5904218BFBDE8F081EB
:10B44000602988BF6021214D0020214C002984BF44
:10B45000204A214E24D9238A5B1CA2FB037C4FEA9D
:10B46000DC1CACEB8C0C03EB8C13B4F812C0634502
:10B470000CD1B4F812C00CF1010CA2FB0C87FF092F
:10B48000A7EB87070CEB871CA4F812C015F800C0C7
:10B49000278A06F807C02382401C80B28842DAD38C
:10B4A00060220A490D48FFF795FF002818BF0120C8
:10B4B00009D10A48D0F8800020B10068016821F065
:10B4C000040101600020E070BDE8F0813803002035
:10B4D00000000020ABAAAAAA98030020C4340020D0
:10B4E0007047000090F88420012A04BF02207047B2
:10B4F00030B4012280F884202423C0F88830036807
:10B50000D3F800C01C6824F001041C6003689C6828
:10B5100024F0606421439960416E002908BFA0F8BF
:10B520006A2014D0026891689268C1F342610F4B9F
:10B53000520F9C5CE50003F10804A25CB5FBF2F538
:10B54000A0F86A505A5C615CD200B2FBF1F2A0F83C
:10B5500068200168C1F800C02021C0F888100021CF
:10B5600080F8841030BC084670470000D0380108CD
:10B5700090F88420012A04BF0220704730B40122D1
:10B5800080F884202423C0F888300368D3F800C0F2
:10B590001C6824F001041C6003689C6824F060446B
:10B5A00021439960416E002908BFA0F86A2014D099
:10B5B000026891689268C1F342610F4B520F9C5C24
:10B5C000E50003F10804A25CB5FBF2F5A0F86A50AF
:10B5D0005A5C615CD200B2FBF1F2A0F8682001680D
:10B5E000C1F800C02021C0F88810002180F8841024
:10B5F00030BC084670470000D038010870477047DB
:10B600000068A0F18041B1F5904118BF704700215A
:10B61000024801710121C170704700000000002044
:10B620002DE9F04103680446D86919689A6840F624
:10B630000F0C10EA0C0F4FF000054FF0020610D16E
:10B6400010F0200F7ED001F0200C02F080575CEA51
:10B65000070C77D0616F002908BFBDE8F08100F0CA
:10B6600068B9DFF834C3CD4F02EA0C0C0F405CEA36
:10B67000070767D010F0010F18BF11F4807F07D0C3
:10B6800001271F62D4F8903043F00103C4F89030D2
:10B6900010F0020F18BF12F0010F07D023681E62CE
:10B6A000D4F8903043F00403C4F8903010F0040F45
:10B6B00018BF12F0010F08D0266804233362D4F8B3
:10B6C000903043F00203C4F8903010F0080F1CBF14
:10B6D00001F0200353EA0C030AD0D4F800C0082379
:10B6E000CCF82030D4F8903043F00803C4F8903000
:10B6F00010F4006F18BF11F0806F0BD0D4F800C0A9
:10B700004FF40063CCF82030D4F8903043F020039D
:10B71000C4F89030D4F89030002B08BFBDE8F08119
:10B7200010F0200F09D001F0200002F080510843F2
:10B730001FBF616F002920468847D4F89000216818
:10B74000896800E036E011F0400F08BF10F0280FC4
:10B75000204629D001F013FB2068806810F0400FCC
:10B760001DD0206800F1080151E8000F20F04000D2
:10B7700041E80002002AF4D1D4F8800078B1884969
:10B780008163D4F88000FCF70FFD002808BFBDE8F6
:10B79000F081D4F88000816BBDE8F0410847204675
:10B7A000FFF72EFFBDE8F081FFF72AFFC4F89050A5
:10B7B000BDE8F081E76E4FF0200C012F7CD110F036
:10B7C000100F18BF11F0100F76D04FF01000186254
:10B7D0002068806810F0400F57D0D4F880100A68B5
:10B7E00050680004000C1CBFB4F85C30834240D9A0
:10B7F000A4F85E000868006810F0200F2DD12068C2
:10B8000050E8001F21F4807140E80012002AF6D1B0
:10B81000206800F1080151E8000F20F0010041E824
:10B820000002002AF4D12068083050E8001F21F0FF
:10B83000400140E80012002AF5D1C4F88CC0E5664A
:10B84000206850E8001F21F0100140E80012002A93
:10B85000F6D1D4F88000FCF763FC2667B4F85C00EE
:10B86000B4F85E10401A81B22046FFF7DFFDBDE854
:10B87000F081B4F85C10814218BFBDE8F081106817
:10B8800010F0200F33D1BDE8F081B4F85C00B4F8BB
:10B890005E10401A81B2B4F85E00002814BF00297F
:10B8A000BDE8F081226852E8000F20F4907042E871
:10B8B0000003002BF6D100E01FE0206800F1080231
:10B8C00052E8000F20F0010020F0805042E8000311
:10B8D000002BF0D1C4F88CC0E5666567206850E89D
:10B8E000002F22F0100240E80023002BF6D126673B
:10B8F0002046FFF79BFDBDE8F08110F4801F18BFC4
:10B9000012F4800F07D04FF4801018622046BDE873
:10B91000F041FFF774BE10F0800F0ED001F08003ED
:10B9200002F400021A4308D0A16F002908BFBDE845
:10B93000F0812046BDE8F041084710F0400F1CBFE1
:10B9400011F0400F20460FD0026852E8001F21F08E
:10B95000400142E80013002BF6D1C0F888C085678B
:10B9600000F02EF9BDE8F08110F4000F18BF11F0BF
:10B97000804F04D02046BDE8F041FFF73FBE10F0F5
:10B98000807F14BF11F0004FBDE8F0812046BDE874
:10B99000F041FFF7A5BD00000100001020010004E8
:10B9A000CFCB0008002804BF0120704710B5044623
:10B9B000D0F8880028B9002084F88400204600F0E0
:10B9C00029F82420C4F888002068016821F00101CA
:10B9D0000160A06A00281CBF204601F02DF8204617
:10B9E00001F0F6F9012808BF10BD2068416821F474
:10B9F000904141602068816821F02A0181602068BF
:10BA0000016841F0010101602046BDE8104001F0ED
:10BA100080B800002DE9F0419CB000240646159442
:10BA2000169417941894542168461994F8F786FDD3
:10BA30003068A0F18041B1F590411CBF1CB0BDE859
:10BA4000F0810420009003946846FEF7F1FC002882
:10BA500018BFFBF762F82C48816D41F480218165A5
:10BA6000816D01F480211A91C16C41F00201C16421
:10BA7000C06C15A900F002001A904FF440601590B8
:10BA80000220CDE916040720CDE918401F48FCF735
:10BA9000BBFE204D1E48802728601C20C5E90104FC
:10BAA000C5E903476C614FF48058AC61C5E90748AC
:10BAB0002846FCF731FC002818BFFBF72EF8C6F823
:10BAC0008050AE62154D144828601D20686010201B
:10BAD000C5E90204C5E90474AC61C5E90748284614
:10BAE000FCF71AFC002818BFFBF717F8F5670122CE
:10BAF00000212720AE62FEF7EFFB2720FEF7DCFBDC
:10BB00001CB0BDE8F08100000010024000040048B5
:10BB1000580402405835002044040240B835002043
:10BB20007047704710B50446D0F8880020281CBF25
:10BB3000022010BD002912BF002A012010BD21657E
:10BB4000A4F85420A4F856204FF00000C4F8900048
:10BB50004FF02101C4F88810E16FD9B1154BCB62C9
:10BB6000E36F15491963E36F14495963E16F134695
:10BB700088632068216D00F1280C6246E06FFCF7B5
:10BB80006BFC38B11020C4F890002020C4F8880065
:10BB9000012010BD216840200862206800F10801E2
:10BBA00051E8000F40F0800041E80002002AF4D183
:10BBB000002010BD2DCD000875CD0008D9CB0008A0
:10BBC00070B50068A0F18041B1F5904118BF70BD1B
:10BBD0000026134C26716079012568B1207958B987
:10BBE000A28A4AB1257166710E490F48FFF79AFF84
:10BBF00000281CBF26716571A079002808BF70BDA0
:10BC00002079002818BF70BD2571A6711A22074936
:10BC10000548FFF787FF00281CBF2671A57170BD7E
:10BC20000000002098050020C4340020D806002021
:10BC300070470000054810B5446806210448FDF728
:10BC400029FB2046BDE81040F9F74ABC001000E08F
:10BC50000C3200202DE9F001E425046805EBC11643
:10BC60004FF0000CA759B82505EBC1156559402ABE
:10BC700020D00EDC082A2CD006DC012A1AD0022A99
:10BC800027D0042A16D035E0102A13D0202A20D03D
:10BC900030E0B2F5007F1CD005DC802A19D0B2F567
:10BCA000807F07D026E0B2F5806F03D0B2F5006F39
:10BCB0000FD01FE04FF0BC0808EBC1185A6844F8D9
:10BCC00008204FF0C008046808EBC1119A68625060
:10BCD00010E04FF0C40C0CEBC11C5A6844F80C2067
:10BCE000C824D0F800C004EBC1119A684CF80120B8
:10BCF0004FF0100CFE211A6801FA0CF127EA01013D
:10BD000002FA0CF21143DA6802FA0CF211431A69D2
:10BD100002FA0CF421435C6904FA0CF421439C6997
:10BD200004FA0CF42143082A04BF15F4007F15F02F
:10BD3000007F04D1DA6902FA0CF242EA01010068DC
:10BD40008151BDE8F0017047FEE7000010B58CB0EE
:10BD500000240A942B4808940994009401940294B6
:10BD600003940494059406944FF0A0410794016055
:10BD70004FF44031C0E90114C4600121082204617C
:10BD8000C0E90512047744770222026280F8244059
:10BD90004FF4D462C2628A02026380F83810090349
:10BDA000C16380F84040FBF7B7FA002818BFFAF7E4
:10BDB000B4FE08A913480894FAF75EFF002818BFDC
:10BDC000FAF7ABFE104800900620CDE901047F2071
:10BDD00003900420CDE9040469460A48FBF714F8EF
:10BDE000002818BFFAF799FE084800900C2001902F
:10BDF00069460448FBF708F8002818BFFAF78DFEDB
:10BE00000CB010BDD82D00201000C0100800900C00
:10BE100010B588B000242D48009401940294039436
:10BE20000494059406942849079401604FF4403126
:10BE300041601021C0E90214012108220461C0E917
:10BE40000512047744770322026280F824404FF4FD
:10BE5000D462C2628A02026380F838100903C163A7
:10BE600080F84040FBF758FA002818BFFAF755FE53
:10BE7000174800900620CDE901047F20039004209C
:10BE8000CDE9040469461148FAF7BEFF002818BF3F
:10BE9000FAF743FE0F4800900C20019069460B48CA
:10BEA000FAF7B2FF002818BFFAF737FE0A480090E9
:10BEB0001220019069460548FAF7A6FF002818BF2E
:10BEC000FAF72BFE08B010BD00010050442E0020F0
:10BED000040060080800900C0200300430B58BB0FC
:10BEE00000240A942548089409940094019402942B
:10BEF00003940494059406941F49079401604FF439
:10BF00004031C0E90114C46008210461C0E9054161
:10BF1000047744770125056280F824404FF4D86106
:10BF2000C162A902016380F838508900C16380F8BA
:10BF30004040FBF7F1F9002818BFFAF7EEFD08A919
:10BF40000E480894FAF798FE002818BFFAF7E5FDA6
:10BF50000B4800900620CDE901057F2003900420C6
:10BF6000CDE9040469460548FAF74EFF002818BFDA
:10BF7000FAF7D3FD0BB030BD00040050B02E002006
:10BF80002000F01430B589B00024274800940194B3
:10BF90000294039404940594069422490794016042
:10BFA0004FF44031C0E90114C46001250821046147
:10BFB000C0E90551047744770221016280F82440EA
:10BFC0004FF4D861C162A902016380F8385089003A
:10BFD000C16380F84040FBF79FF9002818BFFAF7CB
:10BFE0009CFD124800900620CDE901057F200390BA
:10BFF0000420CDE9040469460B48FAF705FF002840
:10C0000018BFFAF78AFD0A4800900C200190694693
:10C010000548FAF7F9FE002818BFFAF77EFD09B0C7
:10C0200030BD0000000500501C2F00201000C01083
:10C030002000F01410B588B0002426480094019424
:10C040000294039404940594069421490794016092
:10C05000C901C0E90114C460012108220461C0E9DA
:10C060000512047744770222026280F824404FF4DC
:10C07000CC62C2628A02026380F838100903C1638D
:10C0800080F84040FBF748F9002818BFFAF745FD53
:10C09000114800900620019002907F200390042018
:10C0A000CDE9040469460B48FAF7AEFE002818BF34
:10C0B000FAF733FD094800900C20019069460548C5
:10C0C000FAF7A2FE002818BFFAF727FD08B010BD46
:10C0D00000060050882F00201000C090000084CB84
:10C0E0000B4810B50949016000215022C0E9011236
:10C0F0000161C160416112218161FBF767FC002889
:10C1000008BF10BDBDE81040FAF707BD00020140AE
:10C11000D431002010B58CB000240094019416494D
:10C120000294039404940594069407940894099443
:10C130000A9410480B9408600846FBF73AFF002861
:10C1400018BFFAF7EAFC02208DF8044000908DF841
:10C1500005400294CDE90440CDE906040394002291
:10C1600069460548FBF7F2FD002818BFFAF7D5FC31
:10C170000CB010BD00080050F83100201D4808B573
:10C18000816C41F004018164816C01F00401009133
:10C19000816C41F002018164816C01F00201009127
:10C1A000816C41F001018164806C002200F001008B
:10C1B000009001213B20FEF78FF83B20FEF77CF832
:10C1C000002201213C20FEF787F83C20FEF774F89E
:10C1D000002201216120FEF77FF86120FEF76CF854
:10C1E000002201216220FEF777F8BDE808406220B6
:10C1F000FEF762B800100240F0B587B00024354861
:10C2000000940194029403940494C16C41F00401DD
:10C21000C164C16C01F004010591C16C41F02001C1
:10C22000C164C16C01F020010591C16C41F00101B4
:10C23000C164C16C01F001010591C16C41F00201C2
:10C24000C164C06C244E00F00200059000224FF43F
:10C2500000513046FCF7DDFB204F00224FF48051A7
:10C260003846FCF7D6FB00224FF480514FF0904047
:10C27000FCF7CFFB4FF4005000900125CDE90154AD
:10C28000694630460394FCF7BFFA8020CDE90004EC
:10C29000694602954FF09040FCF7B6FACDE900549C
:10C2A000694638460295FCF7AFFA2E030096CDE9B1
:10C2B0000154694638460394FCF7A6FA0096CDE986
:10C2C000015469464FF090400394FCF79DFA07B083
:10C2D000F0BD0000001002400008004800040048C3
:10C2E0002DE9F04FC7B00024449446943E94459401
:10C2F0003F944194429443944094289429942A94DE
:10C30000602168462B94F8F719F9369437943594E0
:10C310002094229423942194249425942C942D9455
:10C3200026942E942F9431943294309433943494F0
:10C33000189419941A941B941C941D941E94FE4FE7
:10C34000FE4E1F943046C6E90074B460FDF776F9DE
:10C35000002818BFFAF7E1FB0C21F848FCF716FD9E
:10C36000002818BFFAF7D9FB0A21F448FDF7ECF9C9
:10C37000002818BFFAF7D1FB0021F048FCF766FF50
:10C38000002818BFFAF7C9FB449444AA0821EB48D7
:10C390004594FCF793FE002818BFFAF7BEFB4FF058
:10C3A000010A38204FF00208CDE94004CDE93EA84B
:10C3B0003EAA0821E148FCF780FD002818BFFAF7E3
:10C3C000ACFB01220821DD48FCF702FFDC4842AA51
:10C3D000CDE942400121D948FCF7ACFB002818BF49
:10C3E000FAF79BFB00220121D448FCF71DFB002833
:10C3F00018BFFAF792FBD348439042AA0221CF48D4
:10C40000FCF798FB002818BFFAF787FB0A220221E5
:10C41000CA48FCF709FB002818BFFAF77EFBCA4898
:10C42000439042AA0421C548FCF784FB002818BFAA
:10C43000FAF773FB00220421C048FCF7F5FA002844
:10C4400018BFFAF76AFB43F607304FF003090825D7
:10C45000CDE92804CDE92A9528AA0621B748FDF799
:10C46000C7F9002818BFFAF758FB4FF0100BCDE9B9
:10C4700000B40294CDE9034A0594069407944FF062
:10C4800000600894CDE90940C012CDE90B4040039B
:10C4900017940D906A460621A848FDF74DFB002829
:10C4A00018BFFAF73AFB3020359035AB0122062150
:10C4B000A248FDF7E7F9002818BFFAF72EFB35ABC5
:10C4C000042206219D48FDF7DDF9002818BFFAF780
:10C4D00024FB28AA00219948CDF8ACB0FDF788F9D3
:10C4E000002818BFFAF719FB2094239420AA0021F2
:10C4F00092482694FDF7A8FC002818BFFAF70DFB18
:10C50000009401944FF4807BCDE9104BCDE90E45AA
:10C510004FF080704FF0200ACDE9140A0D94129468
:10C520006A46002116948548FDF706FB002818BFCF
:10C53000FAF7F3FA802015906A4601217F48FDF74B
:10C54000FBFA002818BFFAF7E8FA0C940F946A4631
:10C5500002217A48CDF854A01194FDF7EDFA002895
:10C5600018BFFAF7DAFA6A46032174481294FDF705
:10C57000E3FA002818BFFAF7D0FA6A4604216F4898
:10C58000FDF7DAFA002818BFFAF7C7FA41F6835028
:10C59000359035AB012200216848FDF773F900287A
:10C5A00018BFFAF7BAFA4FF440602C902220CDE978
:10C5B0002D04CDE930402F94329433942CAA0021DD
:10C5C0005E483494FCF71CFC002818BFFAF7A5FA63
:10C5D0002CAA01215948FCF713FC002818BFFAF7D0
:10C5E0009CFACDE9184BCDE91A54CDE91C4A1E94AA
:10C5F00018AB0122002151481F94FDF74DFA002885
:10C6000018BFFAF78AFA4FF48060199018AB042229
:10C6100001214A48FDF740FA002818BFFAF77DFAD1
:10C62000199418AB0222002144481A94FDF734FAF9
:10C63000002818BFFAF771FA18AB082201213F4809
:10C64000FDF72AFA002818BFFAF767FA28AA01218D
:10C650003A48FDF7CDF8002818BFFAF75EFA20AA8D
:10C6600001213648FDF7F0FB002818BFFAF755FA0C
:10C6700035AB012211463148FDF704F9002818BFF7
:10C68000FAF74BFA41F2AE30289028AA02212B4843
:10C69000CDE92A45FDF7ACF8002818BFFAF73DFAB6
:10C6A00020AA02212548FDF7CFFB002818BFFAF782
:10C6B00034FA42F63970289028AA03211F48FDF762
:10C6C00097F8002818BFFAF728FA20AA03211B4878
:10C6D000FDF7BAFB002818BFFAF71FFA41F684509D
:10C6E000289028AA04211548FDF782F8002818BFD1
:10C6F000FAF713FA20AA04211048FDF7A5FB002839
:10C7000018BFFAF70AFA389439943A943B943C9457
:10C710003068B8421CBF47B0BDE8F08F0B48C16C11
:10C7200041F00101C164C06C00F0010027904FF49A
:10C730007060CDE938080BE0006801400C32002041
:10C740000100800001000004010000800010024090
:10C750000D20CDE93B9038A94FF09040FCF754F8FC
:10C7600047B0BDE8F08F0000144810B512490160D1
:10C770001349416000210122C0E9021201614161B7
:10C780008161C1610162FDF7F3FB002818BFFAF770
:10C79000C4F900210948FDF797FB002818BFFAF7F4
:10C7A000BCF900210548FDF7BAFB002808BF10BD01
:10C7B000BDE81040FAF7B1B900540040083300203A
:10C7C000C285B2400A4810B50849016004214160A1
:10C7D00040F6FF71C16063218160FDF7B5FC002860
:10C7E00008BF10BDBDE81040FAF797B9003000400F
:10C7F0001C34002010B584B000241148009401942A
:10C800000E490294016044F26721C0E901146321DA
:10C810008461C160FEF7F1FB002818BFFAF77DF9CB
:10C8200020200090694602940548FEF787FB002807
:10C8300018BFFAF772F904B010BD000000100040F4
:10C840002C34002010B584B00024114800940194C9
:10C850000E490294016044F26721C0E9011463218A
:10C860008461C160FEF7C9FB002818BFFAF755F9CB
:10C8700020200090694602940548FEF75FFB0028DF
:10C8800018BFFAF74AF904B010BD000000140040C8
:10C8900078340020194810B5174901604FF4E13190
:10C8A0004160002181600C22C160C0E904128161F5
:10C8B000C161016241628162FFF774F8002818BF0C
:10C8C000FAF72BF900210D48FEF752FE002818BF99
:10C8D000FAF723F900210948FEF704FE002818BFE3
:10C8E000FAF71BF90548FEF756FD002808BF10BDF2
:10C8F000BDE81040FAF711B900480040C4340020E8
:10C90000FEE7FEE770477047FDF760BC044801682A
:10C9100041F470010160044902480860704700005A
:10C9200088ED00E00040000808ED00E010B5044884
:10C93000FEF70FFCBDE810400248FBF702BB000009
:10C940002C340020F83100200148FEF702BC000022
:10C95000783400202DE9F00702682E4B2E4D2F4E23
:10C960002F4FDFF8C0C0304C984218BFB0F1804F55
:10C9700008D0A84218BFB04204D0B8421CBF6045DE
:10C98000A04205D1D1F8048022F0700248EA0202E8
:10C99000DFF89880DFF89890DFF898A0984218BFE9
:10C9A000B0F1804F0FD0A84218BFB0420BD0B842B0
:10C9B00018BF604507D0404518BF484503D05045D3
:10C9C00018BFA04204D1CD6822F4407245EA0202A9
:10C9D0004D6922F0800242EA05028D68C5620D6849
:10C9E0008562984218BF604507D0404518BF48454A
:10C9F00003D0504518BFA04201D109690163016805
:10CA000041F0040101604FF0010141610260BDE8A5
:10CA1000F0077047002C014000040040000800406F
:10CA2000000C004000340140005001400040014033
:10CA3000004401400048014090F8281011F0080F10
:10CA400006D001684A68836B22F400421A434A60A8
:10CA500090F8281011F0010F06D001684A68C36AE7
:10CA600022F400321A434A6090F8281011F0020FA5
:10CA700006D001684A68036B22F480321A434A6088
:10CA800090F8281011F0040F06D001684A68436B33
:10CA900022F480221A434A6090F8281011F0100FF7
:10CAA00006D001688A68C36B22F480521A438A60F8
:10CAB00090F8281011F0200F06D001688A68036CE6
:10CAC00022F400521A438A6090F8281011F0400FA7
:10CAD00011D001684A68436C22F480121A434A60FC
:10CAE000416CB1F5801F06D101684A68836C22F45D
:10CAF000C0021A434A6090F8281011F0800F08BF56
:10CB0000704701684A68C06C22F4002210434860F4
:10CB100070472DE9F84300250446C0F89050FBF714
:10CB20007DFF8046206800684FF0200610F0080F57
:10CB30006FF07E4717D0434600223104204600970D
:10CB400000F0F4FA78B1216851E8000F20F080007D
:10CB500041E80002002AF6D1C4F8886084F88450C5
:10CB60000320BDE8F8832068006810F0040F23D08C
:10CB7000434600224FF480012046009700F0D6FA89
:10CB8000D0B1216851E8000F20F4907041E8000214
:10CB9000002AF6D1206800F1080151E8000F20F0CA
:10CBA000010041E80002002AF4D1C4F88C6084F846
:10CBB00084500320BDE8F883C4F88860C4F88C6012
:10CBC000E566256784F884500020BDE8F88310B539
:10CBD000806AFEF715FD10BD10B5846AD4F8880090
:10CBE000D4F88C202168896811F0800F18D0212892
:10CBF00016D1216851E8000F20F0C00041E8000381
:10CC0000002BF6D1206800F1080151E8000F20F454
:10CC1000000041E80003002BF4D12020C4F8880074
:10CC20002068806810F0400F04D0222A04BF2046FC
:10CC300000F0A5F8D4F8900040F01000C4F890007F
:10CC40002046FEF7DDFC10BD10B50346806A19686A
:10CC500009684FF0000C11F0200F08BFA0F85EC06B
:10CC60002CD1016851E8002F22F4807241E80024A1
:10CC7000002CF6D10168083151E8002F22F00102A2
:10CC800041E80024002CF5D1016801F1080252E8C6
:10CC9000001F21F0400142E80014002CF4D12021B3
:10CCA000C0F88C10C16E012908D1026852E8001F3B
:10CCB00021F0100142E80014002CF6D1C0F870C039
:10CCC000C16E012902D0FEF72BFF10BDA0F85EC097
:10CCD00019684968B0F85C2089B28A4288BFA0F818
:10CCE0005E10B0F85E10511A89B2FEF79FFB10BDBE
:10CCF00010B50246806A01210167C16E012902D088
:10CD0000FEF70FFF10BDB0F85C104B08A0F85E30C6
:10CD10001268526892B2914228BFA0F85E20B0F823
:10CD20005E20891A89B2FEF781FB10BD10B501465D
:10CD3000806A0968096811F0200F04BF0021A0F87B
:10CD4000561002D0FEF73CFF10BD016801F1080249
:10CD500052E8001F21F0800142E80013002BF4D1BB
:10CD6000026852E8001F41F0400142E80013002B26
:10CD7000F6D110BD10B5806AFEF75AFF10BD0268EB
:10CD800052E8001F21F4907142E80013002BF6D105
:10CD9000016801F1080252E8001F21F0010121F0B1
:10CDA000805142E80013002BF2D1C16E012908D155
:10CDB000026852E8001F21F0100142E80013002B26
:10CDC000F6D12021C0F88C100021C1664167704760
:10CDD0002DE9F041044600682269A168D4F81CC01E
:10CDE00011436269002542EA0C0211439D4B02681F
:10CDF000DFF874C202EA0C02114301602068416846
:10CE0000E26821F44051114341602168A0699942D0
:10CE10001CBF226A10438A6822F4306222F06E42FC
:10CE2000104388602068C16A626A21F00F011143D3
:10CE3000C16222688D48A2F18041B1F59C3134D0A5
:10CE4000A2F18041B1F588413DD0A2F18041B1F518
:10CE5000904144D0A2F18041B1F598414CD0A2F16B
:10CE60008041B1F5A04153D09A420DD1D0F888004D
:10CE700010F440605CD0B0F5806F5DD0B0F5006F0D
:10CE800058D0B0F5406F51D010217948794F002625
:10CE90009A427DD179B3022956D0042951D008296C
:10CEA00008BF4FF400404FD0CAE0D0F8880010F01F
:10CEB000030008BF0121E8D001283DD0022839D065
:10CEC000032833D0E0E7D0F8880010F00C002FD012
:10CED000042831D008282DD00C2827D0D4E7D0F84A
:10CEE000880010F0300023D0102825D0202821D031
:10CEF00030281BD0C8E721E0D0F8880010F0C0002F
:10CF000016D0402818D0802814D0C0280ED0BBE7F7
:10CF1000D0F8880010F440700AD0B0F5807F0BD0B4
:10CF2000B0F5007F06D0B0F5407FADD10821ACE769
:10CF30000021AAE70221A8E70421A6E7FDF724FDC6
:10CF400001E0FDF745FDC0B3616A37F8112067685D
:10CF5000B0FBF2F107EB47038B4298BFB1EB073F01
:10CF60006ED800231946F7F7C7F9090241EA1061A4
:10CF700002027808101871413A460023F7F7BCF90D
:10CF80003D4AA0F540718A4224BF2168C86000E094
:10CF900001E05DD254E0E2694FF6EF78B2F5004F60
:10CFA00008D009294CD2DFE801F034373D4B3A4B29
:10CFB0004B4B4D00092943D200E042E0DFE801F08D
:10CFC00005080E400B4040402600FDF7DDFC04E064
:10CFD000FDF7ECFC01E0FDF7FBFC90B3616A37F86C
:10CFE0001110B0FBF1F04100606801EB5001B1FBA2
:10CFF000F0F0A0F11001414522D84FF6F071014048
:10D00000C0F3420008432168C86021E04FF40040AB
:10D01000E4E7FDF7B9FC04E0FDF7C8FC01E0FDF72B
:10D02000D7FC70B1616A37F81110B0FBF1F160689C
:10D0300001EB5001B1FBF0F0A0F11001414504D922
:10D04000012505E04FF40040ECE7216880B2C8609C
:10D050000120A4F86A00A4F8680066672846A6675D
:10D06000BDE8F08100800040F369FFCF001002406E
:10D070000024F400B8380108FFFC0F0010B58165EA
:10D080000446A0F85C200020C4F890002221C4F8D7
:10D090008C10D4F8801001B3214BCB62D4F88030CF
:10D0A00020491963D4F880301F495963D4F880109F
:10D0B000134688632068D4F858C000F12401624602
:10D0C000D4F88000FBF7C8F938B11020C4F89000FC
:10D0D0002020C4F88C00012010BD206940B12168D7
:10D0E00051E8000F40F4807041E80002002AF6D1B8
:10D0F000206800F1080151E8000F40F0010041E80C
:10D100000002002AF4D1206800F1080151E8000F64
:10D1100040F0400041E80002002AF4D1002010BD98
:10D1200049CC0008F1CC0008D9CB00082DE9F04724
:10D1300004460068089E9A46C06917460D4631EAC3
:10D1400000000CBF01200020B84204BF4FF00008CF
:10D150004FF020097DD100BFB6F1FF3F7AD0FBF739
:10D160005DFCA0EB0A00B04229D846B320680168F4
:10D1700011F0040F1CBF802D402D73D0C16911F038
:10D18000080F35D04FF008020262216851E8000F05
:10D1900020F4907041E80003002BF6D1206800F1E4
:10D1A000080151E8000F20F0010020F0805041E814
:10D1B0000003002BF2D1E06E01280CD102E0032025
:10D1C000BDE8F087216851E8000F20F0100041E829
:10D1D0000003002BF6D1C4F88C90C4F86C80C4F81E
:10D1E0007480C4F8902084F884800120BDE8F08722
:10D1F000C06910F4006F35D021684FF400600862F8
:10D20000216851E8000F20F4907041E80002002AE4
:10D21000F6D1206800F1080151E8000F20F001006C
:10D2200020F0805041E80002002AF2D1E06E01288F
:10D2300008D1206850E8001F21F0100140E80012DA
:10D24000002AF6D1C4F88C90C4F86C80C4F8909091
:10D2500001E011E006E0C4F8748084F884800320C3
:10D26000BDE8F0872068C06935EA00000CBF0120E6
:10D270000020B8423FF470AF0020BDE8F087000006
:10D280000148FEF7CDB90000C4340020FEE741009C
:10D29000080218BF04200A0E18BF40F001004FF02A
:10D2A0007F4232EA010108BF40F00200012808BFB6
:10D2B0000520704710B54FF00E402DED028BB0EEFB
:10D2C000408A18EE104A00EB4400B0F1506F4AD883
:10D2D0004FF0FC40B0EB440F22D2B0EEC80AF7EE9C
:10D2E000000A30EEC00AF6EE000A60EE208A18EE60
:10D2F000900A02F0D3F801EE100A14F0004F1DBF9F
:10D30000DFED2D0A9FED2D0AB1EE411ADFED2C0A5B
:10D3100008BF9FED2C0AF8EE001A21EE218A05E0E5
:10D32000DFED290A68EE088AB0EE600A9FED271A41
:10D33000DFED271A30EE080A48EE811A9FED251A14
:10D3400008EEA11ADFED241A48EE811A9FED231A88
:10D3500008EEA11A68EE281ABDEC028B01EE810AD4
:10D3600030EE200A10BD4FF0E440B0EB440F0CD972
:10D3700018EE100AFFF78BFF042808BF00F04AFCE4
:10D38000B0EE480ABDEC028B10BD4FF07F40B0EB11
:10D39000440F07D2B0EE480ABDEC028BBDE8104046
:10D3A00000F022BC0120F7F7F8F8BDEC028BBDE8D5
:10D3B000104000F01FBC00000000C9BF22AAFDB948
:10D3C0000000C93F22AAFD390000000024FE1C3DD8
:10D3D000C78AD83C1E67383D1B93993DAFAA2A3EA9
:10D3E00010B510EE100A2DED068BB7EE001A10EEF8
:10D3F000901AB0EE418A0022A0F5000CDFEDFE9AF3
:10D400004FF00073BCF1FE4F4FF07F4403EB410C33
:10D4100080F0B481BCF1804FC0F02082F749014414
:10D420009FEDF73AB1F5005F40F2D48200F580211C
:10D43000CB0C03F00F0101EE901AC3F307137F3BEF
:10D44000A0EBC350B8EEE12A00EE100A1A44DFED5B
:10D45000ED2AF0EE411A42EE221AF0EE613A70EE39
:10D46000232A30EE632A12EE900A00F500606FF373
:10D470000B0001EE900A73EEE13A33EE804AC1EE02
:10D48000223A22EE230A10EE100A00F500606FF334
:10D490000B0000EE100A00EE612A00EE442A62EE54
:10D4A000232A70EE221A21EEA12ADFEDD73A02EEEE
:10D4B000233A23EE023A20EE012A22EE811A03EEED
:10D4C000211A32EE010A10EE100A00F500606FF327
:10D4D0000B0000EE100A72EE401A31EE812A9FED29
:10D4E000CB1A60EE011A9FEDCA1A20EE011A9FEDC9
:10D4F000C90A02EE001A31EE810A10EE100A00F598
:10D5000000606FF30B0000EE100AC34871EEC01A02
:10D5100031EE812A784400EBC10090ED003AD0ED65
:10D52000011A100101EE100AF8EEC12A32EE211A9A
:10D5300031EE001A31EE031A31EE221A11EE100A02
:10D5400000F500606FF30B0009EE100A39EE621A65
:10D5500031EE431A31EE400A30EE610A32EE40AA53
:10D5600010EE900A002100F500606FF30B0008EE4A
:10D57000900A084670EEE8AA4FF0000029EE280A4B
:10D5800000F00C01F0EEC00A10EE900AB0F18B4FE3
:10D590000DDD10EE900AB4EB400F08D310EE100A28
:10D5A0004FF08B4262F31E0008EE900A13E069EE22
:10D5B0002A0A38EEAA1A4AEE010A30EE201A11EEB3
:10D5C000100A00F500606FF30B0008EE900A30EED1
:10D5D000680A70EE209A0C204FF0000038EEA90A7D
:10D5E000B5EEC00AF1EE10FA34BFFEEE000AF6EE18
:10D5F000000A30EE800ABDEEC00A10EE100A0111DA
:10D6000000EE101AF8EEC00A00EE100AB8EEC00ADA
:10D6100038EEC00A30EE290ADFED801A9FED801A3D
:10D6200000EE211ADFED7F1A7F4900F00F0040EE77
:10D63000011A21EE800A794401EB800191ED001A74
:10D640007A49794401EB8001D1ED001A784901EE65
:10D65000801A794401EB8000764990ED000A31EEA2
:10D66000001AB0EEE00A10EE100A884215DA10EE49
:10D67000100AB4EB400F10D39FED6F0A30EE800A12
:10D68000DFED6E0A20EE200A68EE010ABDEC068B83
:10D69000BCEEC00A20EE200A10BD10EE100A684948
:10D6A000884243DA10EE100AB4EB400F3ED3BDEED1
:10D6B000E00A68EE010A10EE100A00EBD072511079
:10D6C000C90501F17E5100EE101AA0EB6200C00501
:10D6D00060EE200A00F17E5000EE100A60EE808AB3
:10D6E00018EE900AB4EB400F0FD10220F6F755FF69
:10D6F00000F088FA10EE101A18EE100ABDEC068B36
:10D7000061F31E0000EE100A10BD18EE900A4000F2
:10D7100011D018EE900AFFF7BAFD042808BF00F0F8
:10D7200079FAB0EE680ABDEC068B10BDF5EEC00AC2
:10D73000F1EE10FA0FD20220F6F72FFF00F06AFA8E
:10D7400010EE101A18EE100ABDEC068B61F31E00E5
:10D7500000EE100A10BD0220F6F71FFF00F052FA8B
:10D7600010EE101AB0EE480A10EE100ABDEC068B4F
:10D7700061F31E0000EE100A10BD00BFBCF1804F27
:10D780006CD300BF00F1FF43B3F1FE4F24D200BFC2
:10D79000B0EEC00A10EE100AC1F3C7537F2B0DDBA9
:10D7A000972BBFF63BAEC3F196034FF0010C0CFA7A
:10D7B00003F3A3F1010C1CEA010F08D00120F6F7D6
:10D7C000ECFEBDEC068BBDE8104000F013BA0B4236
:10D7D00018BFBFEE008A21E643001CBF4FF08073E4
:10D7E000B3EB400F34D96FF01A02DFED161A20EEBA
:10D7F000210A10EE100A27E000000000001080C08F
:10D80000ABAAAA3E0000803D7EE24C3E00B038420A
:10D81000D49AB8BB3BAA3842E0630000FC59633796
:10D82000C9FF753A1872313D7E630000B263000093
:10D83000226300000000FC420000FE420000004B9A
:10D84000000040430000004D10F0004FA0D1E5E57E
:10D85000A0F50003B3F1FE4F21D2DFE503EB410356
:10D86000B3F1007F11D3F5EEC00AF1EE10FA05D145
:10D87000430018BFB4EB400F76D883E701F00041B6
:10D8800041F0FC5100EE901A7CE7B3F1807F06D2A4
:10D8900010EE903AA3F5000300EE903A72E720F004
:10D8A00000426FF0FF4C604C02EB0C03A34210D31C
:10D8B00021F000439C44A4450BD3B0F17E5F18BF18
:10D8C0005FEA410C50D0B2F1FF4F98BFB3F1FF4F68
:10D8D00005D9BDEC068BBDE8104000F088B9B0F169
:10D8E000FF4F0FD0C1F3C7527F2A09DB972A11DA05
:10D8F000C2F19602012303FA02F2531E0B4205D035
:10D90000002208E011F0004F55D128E00A4218BF6C
:10D91000012200D1022210F5000F13D028B3B0F17C
:10D92000004F26D010F1814F4FD04FF0FE42B2EBA6
:10D93000400F94BF01200020012202EBE1718842D8
:10D9400039D10CE011F0004F02D0012A38D032E07A
:10D95000012A02BF9FED350ABDEC068B10BD9FED7D
:10D96000340ABDEC068B10BD2FE011F0004F0CD136
:10D9700021E0B1F1FF4F1ED011F5000F05D011F0DD
:10D98000004F15D00AB1012A08D00220F6F705FE93
:10D99000BDEC068BBDE8104000F01CB90220F6F784
:10D9A000FCFD00F017F9BDEC068BB1EE400A10BD8E
:10D9B0000AB1012A04D0B0EE690ABDEC068B10BD95
:10D9C000BDEC068B9FED1B0A10BDBDEC068BB7EEC0
:10D9D000000A10BD30EE410AB5EE001A9FED172A7D
:10D9E00000EE413AB6EE001A60EE001A00EE431A5D
:10D9F00061EEC11A9FED101A20EE011A20EE020A04
:10DA00009FED0F2A01EE820A71EE001A11EE900AC4
:10DA100000F500606FF30B0009EE100A31EE491AB1
:10DA200031EE00AA9CE50000FFFF3F00000080FFF0
:10DA30000000807F0000008000B0B841D49A38BB5D
:10DA40003BAAB84100B510EE101A2DED028B81B043
:10DA5000524A6846B2EB410F2ED94FF0E640B0EB88
:10DA6000410F94BF00204FF0FF3000900098B0EEBF
:10DA7000408A00286ADB10F0010F4BD068EE080ADC
:10DA80009FED471A9FED470A00EE810A9FED461A67
:10DA900010F0020F00EE801AB7EE000A00EE810AC5
:10DAA00002BF01B0BDEC028B00BD00BF01B0B1EE02
:10DAB000400ABDEC028B00BD3C4B21F0004293427A
:10DAC00041D911F0004FDFED3A0A20EE201ADFEDC8
:10DAD000390A19BF31EE601A71EE200A31EE201AB0
:10DAE00071EE600ABDEEE01A11EE100A9FED321AD7
:10DAF00000F0030000EEC10A9FED301A009000EE26
:10DB0000C10A9FED2F1A00EEC10A9FED2E1A00EEFA
:10DB1000C10AABE728EE080A9FED2B1ADFED2B0AAE
:10DB200010F0020F40EE410A9FED291A00EE201A74
:10DB300061EE000AB0EE480A08EE200AB6D101B044
:10DB4000BDEC028B00BD00F06DF88FE718EE100AF7
:10DB50004000B0F17F4F0DD218EE100AFFF797FB8F
:10DB6000042808BF00F056F8B0EE480A01B0BDEC3A
:10DB7000028B00BD09D10120F6F70FFD01B0BDEC0D
:10DB8000028B5DF804EB00F035B801B0B0EE480A46
:10DB9000BDEC028B5DF804EB00F026B8B61F927E58
:10DBA000B93AB2BACA9F2A3DDDFFFFBE490E4946C7
:10DBB00083F9223F0000004B0000C93F00A0FD395F
:10DBC0000020A2331A61342C336D4C39DA82083CC0
:10DBD000A0AA2ABEDFED030AB7EE001A81EE200AE2
:10DBE000704700000000000030EE000A704730EE81
:10DBF000200A7047DFED020A80EEA00A704700009D
:10DC0000000000009FED020A20EE000A70470000AD
:10DC1000000000709FED020A20EE000A704700002D
:10DC2000000000102DE9F0014FF07F42B2EB410FF0
:10DC30009FBF4FF0FF310160BDE8F00170474FF02A
:10DC4000004242EA0123C1F3C752783A551112F05B
:10DC50001F0C434CCCF120067C44C1F3C752A2F107
:10DC600078024FEA621204EB820254F8254008BFA2
:10DC7000D2E9015612D0556804FA0CF425FA06F7D9
:10DC80003C43976805FA0CF527FA06F8D26807FABC
:10DC90000CFCF24045EA08054CEA0206A4FB034CE2
:10DCA000A5FB0352A6FB03631D449D4234BF01261E
:10DCB00000261319334416B1934202D903E093426C
:10DCC00001D2012200E00022624402F1200C9206FF
:10DCD000DC0C42EA443200EE102A5B03DFED210A3D
:10DCE000F8EEC01A00EE103A4FEA9C1C11F0004FFB
:10DCF000B8EE400AC0F800C020EE201A00EE105A1C
:10DD0000DFED190AB8EE400A20EE200A71EE810A12
:10DD100070EE800A10EE902A02F500626FF30B029B
:10DD200000EE902A70EEE11A31EEC11ADFED101A02
:10DD300030EE411A9FED0D0A20EE800A01EE210A15
:10DD40009FED0C1A00EE810A04BFBDE8F001704798
:10DD5000CCF180510160BDE8F001B1EE400A70479E
:10DD6000DC5D0000000000360000802C22AAFD29A6
:10DD7000DB0FC92F0000C92F2DE9F04798462DED84
:10DD8000028BF0EE408A15460E460446DDF82890D8
:10DD9000F8F7FEFA07463D48844298BF20463C4CBF
:10DDA0002060C820C82E98BF304660603948854240
:10DDB00098BF2846A060384908200968C1F88C033C
:10DDC00018EE900A0026E6736FEAD0509FED338A72
:10DDD000267410F0FF0F08BFF0EE488AB0EE680A14
:10DDE000F7EE000AB4EEC80AF1EE10FA38BFB0EE52
:10DDF000480A06D3B4EEE00AF1EE10FAC8BFB0EE5E
:10DE0000600A84ED050AB9F1000F14BF012000205B
:10DE10006073A4F84080B8F1000F08BF4FF6FF7898
:10DE2000A4F84280FAF7FAFDE0631D4D012020734B
:10DE3000687B70B1B0EE480A01F0C4FA002001F02E
:10DE400009FB00224FF480514FF09040FAF7E1FDBA
:10DE500009E0012001F0FEFA00224FF480514FF05A
:10DE60009040FAF7D6FD94ED070ADFED0E0A388DE3
:10DE700020EE200A85ED1B0A85ED1C8A85ED1D8AA2
:10DE8000E882EE71BDEC028BBDE8F087C091210005
:10DE9000F4060020801A06000C320020000000006A
:10DEA000000000200000C84270B51A4D00242DED7E
:10DEB000028B2C736C739FED188A2C76A5F840406A
:10DEC000A5F84240B0EE480A01F07CFA002001F0CB
:10DED000C1FA012211034FF09040FAF79AFD0F4961
:10DEE00008200968C1F88C03EC732C7400F01CF84E
:10DEF00095ED070ADFED0A0A0A4820EE200A80EDB8
:10DF00001B0A80ED1C8A80ED1D8AC482C471BDECA1
:10DF1000028B70BDF4060020000000000C320020CF
:10DF20000000C842000000202DE9F047F8F730FA61
:10DF30008469DFF8B4801820A4FB0023B8FBF4F553
:10DF40004FEAC80948460121F6F7D6F9471C4FF0B9
:10DF50000A00A4FB002348464FF00101F6F7CCF974
:10DF6000461C4FEA14734FEA041248464FF0010171
:10DF7000F6F7C2F91D49401C0A6855610A68C2F8E3
:10DF800094500A68C2F81451C2F89471C2F814622D
:10DF9000C2F894024FF03003D361086883620868C6
:10DFA0004FEA5502C0F89C200868C0F81C2100EE1A
:10DFB000102AF7EE000A0E48B8EE400A08EB5501A9
:10DFC000B1FBF5F180EE801A84660A480560416075
:10DFD00003EB5501816080ED030A80ED041ABDE872
:10DFE000F04701F0B3B9000000FA87280C32002096
:10DFF0000000002038070020234931F8102001EBF1
:10E000004000C18811448289438A1A441144028B1A
:10E010001144C28B1144828C1144428D1144028EF2
:10E020001144C28E1144828F1144B0F84220114431
:10E03000B0F848201144B0F84E201144B0F85420F4
:10E040001144B0F85A201144B0F860201144B0F8DF
:10E0500066201144B0F86C201144B0F872201144CD
:10E06000B0F878201144B0F87E201144B0F8842034
:10E07000B0F88A001144084404490C30A1FB001098
:10E08000C0F30F107047000008020020ABAAAAAA34
:10E090002DE9F04FCDB06846F8F78AFAEFF3108318
:10E0A00072B6E748D0F89020D0F89410D0F898A035
:10E0B000D0F89CB0D0F8A080D0F8A490D0F88040E0
:10E0C0000025C0F89050C0F89450C0F89850C0F89F
:10E0D0009C50C0F8A050C0F8A4502E46C0F8805004
:10E0E00003B962B6D4B16508A8187141224600236D
:10E0F000F6F702F9074615EB0A0046EB0B0122463C
:10E100000023F6F7F9F8824615EB080046EB090103
:10E1100022460023F6F7F0F8044604E0C848076CEE
:10E12000D0F834A0846BC74D552040F231192870C7
:10E13000681C4946F7F798FDDFF80483E81CD8F817
:10E140003010F7F795FDE81D5146F7F791FD05F101
:10E150000B002146F7F78CFD414605F10F00C96B16
:10E16000F7F786FD05F113003946F7F781FD4146C3
:10E1700005F11700C96CF7F77BFD414605F11B005F
:10E18000096DF7F775FD414605F11F008969F7F73D
:10E190006FFD414605F12300496DF7F769FD4146E2
:10E1A00005F12700896DF7F763FD05F5277405F183
:10E1B0002B0094ED070AF7F753FD04F1440105F134
:10E1C0002F004968F7F754FD05F133002F99F7F751
:10E1D0004FFD05F137003099F7F74AFD214605F16B
:10E1E0003B000968F7F744FD214605F13F00496807
:10E1F000F7F73EFD214605F143008968F7F738FD42
:10E20000214605F1470091ED080AF7F729FD21465F
:10E2100005F14B0091ED090AF7F722FD214605F1C2
:10E220004F0091ED0A0AF7F71BFD214605F1530057
:10E2300091ED0B0AF7F714FD214605F1570091ED1A
:10E240000C0AF7F70DFD214605F15B0091ED0D0A73
:10E25000F7F706FD05F15F000199F7F709FD05F1F4
:10E2600063000299F7F704FD05F167000399F7F7DA
:10E27000FFFC05F16B000499F7F7FAFC20462246F3
:10E28000017B007E927B00F0030041EA4000002AFF
:10E2900018BF40F00800627B002A1CBF002940F034
:10E2A0001000E17B002918BF40F02000217C0029EC
:10E2B00018BF40F0800098F80B10002918BF40F0FC
:10E2C000400085F86F00002701215F48FAF794FBB2
:10E2D000002808BF012780214FF09040FAF78CFBFF
:10E2E000002808BF47F0020785F87070207B0028DF
:10E2F00014BFB4F84210002105F17100F7F7B4FC27
:10E3000072B6D8F88410D8F81C40D8F888704FF04E
:10E31000FF30C8F81C00C8F8886062B6B4F1FF3F4F
:10E3200008BF002405F17300F7F7A2FC05F17700A0
:10E330002146F7F79DFC05F17B003946F7F798FC7D
:10E340007F24424F0026281937F82610F7F78CFC57
:10E35000A01C84B2701C86B2182EF4D3002607EBE2
:10E36000860128194988F7F77FFCA01C84B2701C2D
:10E3700086B2182EF3D33648002200BF02EB4201CA
:10E3800000EB41014B882B55631C09899BB2E95472
:10E39000591C8CB2911C8AB2182AEFD35FF000028C
:10E3A00002EB420330F81310295500EB4303611CC4
:10E3B000DB8889B26B54491C8CB2911C8AB2182A32
:10E3C000EED3002101EB410200EB42039A882A556B
:10E3D000621C5B8992B2891CAB54521C89B294B204
:10E3E0001829EFD32819D8F84410F7F741FC201D5D
:10E3F00084B22819D8F84810F7F73AFC201D84B2E7
:10E40000A4F580702F3818BFF8F787FB0D4840F24D
:10E410002F11F7F7F1FA2855601C84B209484FF420
:10E420009871F7F72DFC2855601C80B2A0F580711B
:10E43000313918BFF8F771FB48464DB0BDE8F08F91
:10E44000000000205804002000040048A80100201B
:10E450000802002070B4051D0424464B611F4FF0D4
:10E46000000C00BF15F80C205140042211F0010FE0
:10E4700014BF83EA5101490811F0010F14BF83EA68
:10E4800051014908521EF1D10CF1010CA445E9D308
:10E49000C943042400F10805C943944615F80C202B
:10E4A0005140042211F0010F14BF83EA51014908C1
:10E4B00011F0010F14BF83EA51014908521EF1D136
:10E4C0000CF1010CA445E9D3C943042400F10C0567
:10E4D000C943944615F80C205140042211F0010F55
:10E4E00014BF83EA5101490811F0010F14BF83EAF8
:10E4F00051014908521EF1D10CF1010CA445E9D398
:10E50000C943042400F11005C943944615F80C20B2
:10E510005140042211F0010F14BF83EA5101490850
:10E5200011F0010F14BF83EA51014908521EF1D1C5
:10E530000CF1010CA445E9D3C94300F11C044FF0D0
:10E54000900CC843A15C48405FF0040110F0010F3B
:10E5500014BF83EA5000400810F0010F14BF83EA93
:10E5600050004008491EF1D1521C6245EAD370BCEC
:10E57000C04370472083B8ED70B50C462DED048B79
:10E580000546B0EE409AF7F703FF9FED288AF7EEB5
:10E59000008A0646B0EE480AB4EEC09AF1EE10FAD0
:10E5A0000AD3B0EE680AB4EEC09AF1EE10FACCBF0E
:10E5B000B0EE680AB0EE490A002D12BF002CBDEC87
:10E5C000048B70BDDFED1A0A20EE200AFFF73AFA3D
:10E5D000B0EE409A00EE104AF8EE400A00EE105AF3
:10E5E000B8EE401A80EE810AD6ED180AFEF7F8FE62
:10E5F000F0EE400AB0EE680A69EE200AF4EEC80AAE
:10E60000F1EE10FA38BFB0EE480A06D3F4EEC00AB5
:10E61000F1EE10FAD8BFB0EE600AFEF74BFEBDEC8B
:10E62000048BDFED040A20EE200A70BD000000001C
:10E63000DB0FC93F83F9223F2DE9F04742F6F8226C
:10E640002DED028B04464AF6C871904238BF14463D
:10E6500002D3A14238BF0C46B0EE408A9FED370A84
:10E66000F7EE008AB4EEC08AF0EE680AF1EE10FA16
:10E6700038BFB0EE408A06D3B4EEE08AF1EE10FA6D
:10E68000C8BFB0EE608ADFF8B8901820A4FB002362
:10E69000B9FBF4F54FEAC90A50460121F5F72CFE03
:10E6A000471C4FF00A00A4FB002350464FF0010125
:10E6B000F5F722FE10F101084FEA14734FEA041235
:10E6C00050464FF00101F5F717FE421C09EB5500CB
:10E6D000B0FBF5F34FF0300000EB55014FEA550069
:10E6E00000EE100AB6EE001AB8EE400AC8EE800A34
:10E6F00008EE001ABCEEC11A11EE100A00F130004B
:10E7000080B260F30F06884288BF61F30F060D48A0
:10E71000046045608760C0F80C80026143618161DC
:10E7200080ED070AC0ED080A80ED098A06850649D2
:10E730000120C871BDEC028BBDE8F087000000002D
:10E7400000FA87284C070020000000202DE9F05F28
:10E750002DED068BF7F71CFEFE4D0646E8790028E6
:10E760001CBFBDEC068BBDE8F09FFB4FAC6E97ED78
:10E77000070A9FEDFA8AD5ED1B0A96ED0D1A20EED9
:10E78000080A70EE601A41EE210AC5ED1B0A387BBB
:10E790009FEDF39A98B1787B002804BFF87B00289E
:10E7A0000DD1687B002804BFF069012807D142F62B
:10E7B000F8294C4524BF4AF6C878A0450CD285ED0F
:10E7C0001B0A85ED1C9A002085ED1D9AE882E871F0
:10E7D000BDEC068BBDE8F09FE88AF6EE008AF8B142
:10E7E000401EE88295ED1C0A20EE280A85ED1C0AE1
:10E7F000D5ED1D0A10EE100A60EEA80AB0F17C5F9C
:10E80000C5ED1D0AB8BF85ED1C9A10EE900AB0F157
:10E810007C5FB8BF85ED1D9ABDEC068BBDE8F09F0F
:10E82000F7F7B6FD00EE104AF8EE400A9FEDCDAACC
:10E8300080EE8A0AD0ED140A70EE209AF7F7A8FD50
:10E8400000EE104AD0ED161AF2EE042AF8EE400A55
:10E8500080EE8A0AD0ED150A40EE801AD5ED1B0A2B
:10E8600096ED100A39EEE03A30EEC01AB2EE000A28
:10E870009FEDBD2AB5EEC01AF1EE10FA7EDD4C45D3
:10E880007CD9B1EE0C3A01EE030A96ED111AF4EEC2
:10E89000C10AF1EE10FAC8BF30EE220A96ED121A44
:10E8A000B4EEE01AF1EE10FA3CBFB3EE021A30EE0D
:10E8B000010A95ED1C1A31EE000A85ED1C0A95ED52
:10E8C0001D0A20EE020A85ED1D0A00BF96ED092AF9
:10E8D00095ED1C1A2846DFF894A2B4EEC21ADFF8B0
:10E8E00090B2F1EE10FA40F6B83575DBC0EE889ABA
:10E8F00071EE428AF7F74CFD8046F7F749FD014675
:10E9000004EB44004000AAFB00208A6B40099042BF
:10E91000C0F03981C96B8142C0F0378118EE902A6E
:10E920009345B8BF084613DB18EE901AB1F1824F39
:10E9300004DDA84238BF40F6B83009D318EE901A6B
:10E940008C4A914204DDB0F5FA6F38BF4FF4FA609B
:10E95000A4F52851F839884288BF084600280EBF20
:10E96000A246A4EB000A55461FD04D451DD3D8F84A
:10E970003C10601B814218D3294600E02DE0204660
:10E98000B0EE690AFFF7F8FD20EE080AD8ED130A89
:10E99000AA46F4EEC00AF1EE10FA06DC4D451CBFA3
:10E9A000D8F83800AAEB0005DFD1A24524BFBDECA2
:10E9B000068BBDE8F09F97ED070A51462046FFF70A
:10E9C000DBFD5046FFF738FE6249B08DC88281ED0D
:10E9D0001C9A81ED1D9A1FE73DE0B5EEC03AF1EEBD
:10E9E00010FA1DDD44451BD2F0EE003AB0EE0C1AD1
:10E9F00079EEE22A03EE231AF4EEE02AF1EE10FAA1
:10EA0000C8BF31EE001A95ED1D0A30EE010A85ED02
:10EA10001D0A95ED1C0A20EE020A85ED1C0A55E739
:10EA200095ED1C0A20EE281A85ED1C1A95ED1D0A9D
:10EA300011EE100A20EE280AB0F17C5F85ED1D0A68
:10EA4000B8BF85ED1C9A10EE100AB0F17C5FB8BF1C
:10EA500085ED1D9A3AE790ED1D0AB4EEC02AF1EE5D
:10EA600010FA9CBFF4EEE10AF1EE10FABFF4D4AE56
:10EA7000C0EE889A70EE428AF7F78AFC8146F7F773
:10EA800087FC014604EB44004000AAFB00208A6B8F
:10EA9000400990427BD3C96B81427AD318EE902A09
:10EAA0009345B8BF084613DB18EE901AB1F1824FB8
:10EAB00004DDA84238BF40F6B83009D318EE901AEA
:10EAC0002C4A914204DDB0F5FA6F38BF4FF4FA607A
:10EAD000D9F83C201519454528BF4AF6C8752118B4
:10EAE000414588BFA8EB0400002808BFA04621D0FC
:10EAF000D9F8381004EB000801EB040AAA4519D82C
:10EB000051462046B0EE690AFFF736FD20EE080AAE
:10EB1000D9ED170AF4EEC00AF1EE10FA0ADBD9F8C3
:10EB20003800A5EB0A01D046814224BF00EB080A59
:10EB30005545E5D2A0457FF66FAE97ED070A4146F1
:10EB40002046FFF719FD4046FFF776FD0148B18DDD
:10EB5000C18213E000000020F40600200000C8423B
:10EB60000000000000007A443333B33E1F85EB51B0
:10EB7000000070410000404009E00AE080ED1C9A6E
:10EB800080ED1D9A48E61046C4E60846C6E61046E3
:10EB900081E7084682E710EE100A6FEAD05010F0C5
:10EBA000FF0F0AD0F4EEC00AF1EE10FA9FBFB4EEE8
:10EBB000C10AF1EE10FA01207047002070470000F2
:10EBC0009FED320A48F6B80180ED000A9FED300A49
:10EBD000F3EE090A80ED010A9FED2E0A80ED020A8C
:10EBE0009FED2D0A80ED030A9FED2C0A80ED040AAB
:10EBF0009FED2B0A80ED050A816101219FED290A15
:10EC0000C16180ED080A9FED280A142180ED090AF0
:10EC100081620A21C1620163B5EE000A80ED0D0A2E
:10EC20004FF47A71816389009FED200AC16380ED02
:10EC3000100A9FED1F0A002180ED110A9FED1D0AA9
:10EC400080ED120A9FED1C0A80ED130AC0ED140A34
:10EC5000DFED1A0AC0ED150ADFED190AC0ED160A3C
:10EC600080ED170A9FED170A80ED180A416681664C
:10EC7000C166016741678167C167C0F88010C0F84D
:10EC80008410C0F88810C0F88C107047BD378636E5
:10EC900095BF56356F12833AACC5A738BD37863558
:10ECA00095BFD633CDCCCC3D0000C8420000BE425B
:10ECB0000000C4420000C7420000B442B76D5B3F91
:10ECC000DBB61142448B6C3F94B0FBF787FA00240B
:10ECD0000094019402940394049405940694079478
:10ECE000089409940A940B940C940D940E940F9428
:10ECF0001094119400201294FBF732FB092000902D
:10ED00004FF4803001900120059002200325CDE9C9
:10ED100007055521CDE909010B900C900D9068462F
:10ED2000FBF78EFE08B172B6FEE70F200E90CDE91C
:10ED30000F54119404210EA81294FBF71BFD08B187
:10ED400072B6FEE7FDF758FAFDF718FAFDF7A2FDD7
:10ED5000FDF7C4F8FDF716F9FDF7C2FAFCF7F6FF68
:10ED6000FDF756F8FDF766F9FDF7FEFCFDF7B8F97B
:10ED7000FDF7D0F9FDF726FDFDF73CFDFDF762FD3F
:10ED8000F6F7C8FBF6F792FFFCE700002DE9F04F1D
:10ED9000FF4D2DED028BADF5057D288A698A8842ED
:10EDA00023BF288A698A401A688A3EBFC0F1C00022
:10EDB000298A084480B202283EBF0DF5057DBDECCE
:10EDC000028BBDE8F08FDFF8CCA3DFEDF38A9FED77
:10EDD000F38AF34E688ADFF8CC83F34FA8FB002157
:10EDE000C909A1EB810100EB8110C05DAA2806D002
:10EDF000C5287DD0C72800F0638100F05CBA688A1E
:10EE0000401CA8FB0021C909A1EB810100EB811086
:10EE1000C05D172840F04F82288A698A884223BF44
:10EE2000288A698A401A688A3EBFC0F1C000298AD0
:10EE3000084480B2172879D3172271AC0020698A60
:10EE40007B5C698A491CA8FB019C4FEADC1CACEB8B
:10EE50008C0C01EB8C1169822354401C80B29042CF
:10EE6000EDD320461521F6F7C7FD9DF8D91188424C
:10EE700040F02C8271A81621F6F702FF9DF8DA11F6
:10EE8000884240F023820DF5E278F7F781FA834655
:10EE90009DF8C69108F10300F6F7A6FDC34CA04209
:10EEA00098BF044608F10700F6F79EFDC827C8285A
:10EEB00098BF074608F10B00F6F796FD504588BF4E
:10EEC0005046249008F10F00F6F78CFD279008F1CA
:10EED0001100F6F783FDC6E900472498B060D6ED2F
:10EEE000070ABBF8300060EEA80AC5ED1B0A00E077
:10EEF0001DE085ED1C8A85ED1D8AE8820020E87101
:10EF000019F0020F03D0FEF7CFFF00F0DFB919F0C0
:10EF1000010F00F0DB81C9F38000009039462046E4
:10EF2000279B249AFEF728FF00F0D0B98DE0688A6D
:10EF3000401CA8FB0021C909A1EB810100EB811055
:10EF4000C05D102840F0B781298A688A814223BFBA
:10EF5000288A698A401A688A3EBFC0F1C000298A9F
:10EF6000084480B2102870D310227AAC0020698A3D
:10EF70007B5C698A491CA8FB019C4FEADC1CACEB5A
:10EF80008C0C01EB8C1169822354401C80B290429E
:10EF9000EDD320460E21F6F72FFD9DF8F61188429D
:10EFA00040F094817AA80F21F6F76AFE9DF8F711D8
:10EFB000884240F08B817AA800247EA9F6F7C2FC33
:10EFC000002800F083819DF8F8010A2853D2DFE879
:10EFD00000F052530518242C373D424724A8F7F778
:10EFE000E7FA83A800909DF8F901BDF8FA1101280D
:10EFF0000CBF4DA829A879AB78AAF7F71BFA0446ED
:10F000003AE0307B70BB9DED810A9DF8FC11BDF8A4
:10F01000FA01809AF7F79CFC05E0307B10BBBDF845
:10F02000FA01F7F7D1FB044626E0307BD0B9F7F7B9
:10F03000B3F9040020D1FEF777FF0120B0731BE085
:10F04000307B78B9F7F7DEFBEDE7CDE0307B48B9F0
:10F05000F7F758FBE7E7307B20B9F7F743FB0BE006
:10F06000307B08B1062407E0F7F7B0F9040008BFC9
:10F07000FEF75AFF00E007247EAF24A8F7F798FABE
:10F0800024A8009023463A464FF4A0714848F6F76A
:10F090007FFBA882002800F0198101246C71297976
:10F0A000002940F013812C71002702466F714049FE
:10F0B0004048FCF737FD00281CBF2F716C7105E13B
:10F0C000688A401CA8FB0021C909A1EB810100EB63
:10F0D0008110C45DA01F87286ED2288A698A884261
:10F0E00023BF288A698A401A688A3EBFC0F1C000DF
:10F0F000298A084480B2A04276D3002001AB002CBC
:10F1000011D9698A7A5C698A491CA8FB019C4FEA7B
:10F11000DC1CACEB8C0C01EB8C1169821A54401C8A
:10F1200080B28442EDD8A11E184689B2F6F764FC7D
:10F1300001A90F1917F8021C88427CD1611E01A891
:10F1400089B2F6F79DFD17F8011C884273D19DF82E
:10F150000680002001AFB8F1010F09D0B8F1020F0D
:10F160002BD0B8F1030F40D0B8F1040F45D043E0E5
:10F170000E2C41D3307BB0BB07F10800F6F734FC0E
:10F180000446381DF6F730FC2146F7F737F834E02F
:10F1900000000020801A06000000C84200000000A5
:10F1A000F4060020ABAAAAAA98030020C09121006F
:10F1B00098050020C43400207DE00C2C1CD3307B4B
:10F1C00088B907F10800F6F70DFC81460C3080B2D3
:10F1D000A04211D8381DF6F707FC4A4607F10A018C
:10F1E000F7F7B8F809E002E080E0307B08B10620CC
:10F1F00003E0F7F71BF800E007208146F7F7C8F8AF
:10F20000074624A8F6F7B4FFDFF8ECB0C8200124C5
:10F210008BF800001A208BF801008BF802808BF825
:10F2200003909DF890008BF80400D7F88C0000281C
:10F2300018BF012000E049E08BF805000BF1060043
:10F240002599F6F715FD0BF10A002699F6F710FD42
:10F250000BF10E00BDF89C10F6F706FD0BF1100047
:10F26000BDF89E10F6F700FD0BF1120042F2AC4122
:10F27000F6F7FEFC0BF116008021F6F7F5FC1821DD
:10F280001D48F6F7B9FB8BF8180019211A48F6F754
:10F29000F7FC8BF81900AC712879B8B92C710027EC
:10F2A000AF711A2214491548FCF73CFC00281CBF1A
:10F2B0002F71AC710AE0688A688A401CA8FB0021A3
:10F2C000C909A1EB810100EB81106882288A698A53
:10F2D000884228BF298A688A2FBF081AC0F1C00156
:10F2E000288A084480B20228BFF474AD0DF5057D6C
:10F2F000BDEC028BBDE8F08FD8060020C43400209E
:10F3000070B50F4D0024287838B10E4901249022A1
:10F31000A1F59070F5F767F808B144F002040A49C6
:10F32000902201F19000F5F75EF8002818BF44F034
:10F3300004046878002818BF44F008042C6170BDEC
:10F34000B8000020980800207807002019489FED99
:10F35000180A00F1440280ED080A80ED090A80EDE8
:10F360000A0A80ED0B0A80ED0C0A80ED0D0A80ED93
:10F37000070A92683021302A38BF114689B2028FBD
:10F380008A4203D00C4A126891620187D0ED070AC5
:10F390009FED0A1A0A48002160EE810AC0ED1B0A9F
:10F3A00080ED1C0A80ED1D0AC182C171704700000A
:10F3B00000000000F40600200C3200200000C842CB
:10F3C000000000209FED1F1AF7EE000AB4EEC10AFC
:10F3D000F1EE10FA38BFB0EE410A06D3B4EEE00AFF
:10F3E000F1EE10FAC8BFB0EE600A174AF6EE000A56
:10F3F000302392ED031A916840EE010ABCEEE00A58
:10F4000010EE100A303080B2302838BF184602D3D0
:10F41000814238BF084681B20C48038F8B4203D02B
:10F420000B4B1B6899620187018FD2ED040A3039BA
:10F4300000EE101AB8EE400A20EE200A80ED070A0E
:10F44000704700000000000038070020F40600208C
:10F450000C32002010B50F4C217B60B1002918BF81
:10F4600010BD0F210C48FAF733FB002818BFF7F73F
:10F4700054FB01200BE0002908BF10BD0F210648F6
:10F48000FAF740FB002818BFF7F747FB002020736E
:10F4900010BD0000000000200C32002010B500EE6E
:10F4A000100A2DED028BB1EEC08A18EE100A20F082
:10F4B0000040C0F1FF40C00F0AD010EE100A20F04B
:10F4C0000040C0F1FF40C00F04BF0120F5F765F810
:10F4D00018EE100ABDEC028B10BD000010B50446FA
:10F4E0002DED048B90ED000A10EE100A6FEAD0505B
:10F4F00010F0FF0F00F04981B5EEC00AF1EE10FAEE
:10F50000C0F2438194ED010A10EE100A6FEAD05068
:10F5100010F0FF0F00F03981B5EEC00AF1EE10FADD
:10F52000C0F2338194ED020A10EE100A6FEAD05057
:10F5300010F0FF0F00F02981B5EEC00AF1EE10FACD
:10F54000C0F2238194ED030A10EE100A6FEAD05046
:10F5500010F0FF0F00F01981B5EEC00AF1EE10FABD
:10F56000C0F2138194ED040A10EE100A6FEAD05035
:10F5700010F0FF0F00F00981B5EEC00AF1EE10FAAD
:10F580007EDB94ED050A10EE100A6FEAD05010F001
:10F59000FF0F75D0B5EEC00AF1EE10FA70DBA0696E
:10F5A00048F2D141A0F52850F838884268D2E06985
:10F5B000002818BF012863D194ED080AB7EE001A9D
:10F5C0009FED748AF0EE480AFFF7E5FA002804BFC1
:10F5D000BDEC048B10BD94ED090A9FED6F1AF7EE98
:10F5E000000AFFF7D8FA002804BFBDEC048B10BD59
:10F5F00041F27070A16A81429FBFE16A8142216B32
:10F6000081423DD894ED0D0AB7EE001AF0EE480A9B
:10F61000FFF7C1FA002804BFBDEC048B10BDA16B3D
:10F6200042F2AD62A1F16400904229D2E06B8842BF
:10F6300024BF4AF6C871814222D394ED100ADFED4F
:10F64000578AF0EE480AB0EE681AFFF7A4FA0028CD
:10F6500004BFBDEC048B10BD94ED110AB0EE681A26
:10F66000F0EE480AFFF797FA002804BFBDEC048BC0
:10F6700010BD94ED120AB0EE681AF0EE480A00E0F0
:10F6800083E0FFF788FA002804BFBDEC048B10BDAF
:10F6900094ED130AB0EE681AF0EE480AFFF77BFA11
:10F6A000002804BFBDEC048B10BD94ED140A9FED3F
:10F6B0003C9AB0EE681AF0EE490AFFF76CFA00289F
:10F6C00004BFBDEC048B10BD94ED150AB2EE041A14
:10F6D000F0EE480AFFF75FFA002804BFBDEC048B88
:10F6E00010BD94ED160A9FED2F1AF0EE490AFFF7B0
:10F6F00052FA002804BFBDEC048B10BD94ED170A2C
:10F70000B0EE681AF0EE480AFFF745FA002804BF89
:10F71000BDEC048B10BD94ED180AB1EE001AF0EEAA
:10F72000480AFFF738FA002804BFBDEC048B10BD6F
:10F73000606E01289CBFA06F012826D8A06EC82843
:10F740009CBFE06FC82820D81748E16E81429CBF5B
:10F75000D4F88010814218D81448216F81429CBF90
:10F76000D4F88410814210D8616F4FF6FE70814248
:10F770009CBFD4F88810814207D8D4F88C000128A7
:10F780009EBF0120BDEC048B10BD0020BDEC048B9E
:10F7900010BD00000000000000401C460000C842F0
:10F7A0000000C8C200004843C0912100801A060032
:10F7B0008278018862F31F41C27841EA0261394AC6
:10F7C00091421CBF03207047827A018962F31F4176
:10F7D000C27A41EA0261012925D1827B818962F3E3
:10F7E0001F41C27B41EA0261DD291CD1827C018A72
:10F7F00062F31F41C27C41EA0261152913D1827D67
:10F80000818A62F31F41C27D41EA0261A1F51C5267
:10F81000103A08D1827E018B62F31F41C27E41EA19
:10F8200002610A2901D00220704790F82A20018D38
:10F8300062F31F4190F82B2041EA0261A1F51052BA
:10F840006C3A1CBF0120704770B4DFF85CC000F157
:10F8500008044FF0FF31002342F2A445E25C51401E
:10F860005FF0040211F0010F14BF8CEA5101490846
:10F8700011F0010F14BF8CEA51014908521EF1D159
:10F880005B1CAB42EAD383798288C07963F31F4261
:10F89000C94342EA0060884214BF0320002070BCC4
:10F8A000704700004C4356482083B8ED4FF040703D
:10F8B000E1EE100A704700000000000000000000A8
:10F8C0000000000000000000000000000000000038
:10F8D0000000000000000000000000000000000028
:10F8E0000000000000000000000000000000000018
:10F8F0000000000000000000000000000000000008
:10F9000000000000000000000000000000000000F7
:10F9100000000000000000000000000000000000E7
:10F9200000000000000000000000000000000000D7
:10F9300000000000000000000000000000000000C7
:10F9400000000000000000000000000000000000B7
:10F9500000000000000000000000000000000000A7
:10F960000000000000000000000000000000000097
:10F970000000000000000000000000000000000087
:10F980000000000000000000000000000000000077
:10F990000000000000000000000000000000000067
:10F9A0000000000000000000000000000000000057
:10F9B0000000000000000000000000000000000047
:10F9C0000000000000000000000000000000000037
:10F9D0000000000000000000000000000000000027
:10F9E0000000000000000000000000000000000017
:10F9F0000000000000000000000000000000000007
:10FA000000000000000000000000000000000000F6
:10FA100000000000000000000000000000000000E6
:10FA200000000000000000000000000000000000D6
:10FA300000000000000000000000000000000000C6
:10FA400000000000000000000000000000000000B6
:10FA500000000000000000000000000000000000A6
:10FA60000000000000000000000000000000000096
:10FA70000000000000000000000000000000000086
:10FA80000000000000000000000000000000000076
:10FA90000000000000000000000000000000000066
:10FAA0000000000000000000000000000000000056
:10FAB0000000000000000000000000000000000046
:10FAC0000000000000000000000000000000000036
:10FAD0000000000000000000000000000000000026
:10FAE0000000000000000000000000000000000016
:10FAF0000000000000000000000000000000000006
:10FB000000000000000000000000000000000000F5
:10FB100000000000000000000000000000000000E5
:10FB200000000000000000000000000000000000D5
:10FB300000000000000000000000000000000000C5
:10FB400000000000000000000000000000000000B5
:10FB500000000000000000000000000000000000A5
:10FB60000000000000000000000000000000000095
:10FB70000000000000000000000000000000000085
:10FB80000000000000000000000000000000000075
:10FB90000000000000000000000000000000000065
:10FBA0000000000000000000000000000000000055
:10FBB0000000000000000000000000000000000045
:10FBC0000000000000000000000000000000000035
:10FBD0000000000000000000000000000000000025
:10FBE0000000000000000000000000000000000015
:10FBF0000000000000000000000000000000000005
:10FC000000000000000000000000000000000000F4
:10FC100000000000000000000000000000000000E4
:10FC200000000000000000000000000000000000D4
:10FC300000000000000000000000000000000000C4
:10FC400000000000000000000000000000000000B4
:10FC500000000000000000000000000000000000A4
:10FC60000000000000000000000000000000000094
:10FC70000000000000000000000000000000000084
:10FC80000000000000000000000000000000000074
:10FC90000000000000000000000000000000000064
:10FCA0000000000000000000000000000000000054
:10FCB0000000000000000000000000000000000044
:10FCC0000000000000000000000000000000000034
:10FCD0000000000000000000000000000000000024
:10FCE0000000000000000000000000000000000014
:10FCF0000000000000000000000000000000000004
:10FD000000000000000000000000000000000000F3
:10FD100000000000000000000000000000000000E3
:10FD200000000000000000000000000000000000D3
:10FD300000000000000000000000000000000000C3
:10FD400000000000000000000000000000000000B3
:10FD500000000000000000000000000000000000A3
:10FD60000000000000000000000000000000000093
:10FD70000000000000000000000000000000000083
:10FD80000000000000000000000000000000000073
:10FD90000000000000000000000000000000000063
:10FDA0000000000000000000000000000000000053
:10FDB0000000000000000000000000000000000043
:10FDC0000000000000000000000000000000000033
:10FDD0000000000000000000000000000000000023
:10FDE0000000000000000000000000000000000013
:10FDF0000000000000000000000000000000000003
:10FE000000000000000000000000000000000000F2
:10FE100000000000000000000000000000000000E2
:10FE200000000000000000000000000000000000D2
:10FE300000000000000000000000000000000000C2
:10FE400000000000000000000000000000000000B2
:10FE500000000000000000000000000000000000A2
:10FE60000000000000000000000000000000000092
:10FE70000000000000000000000000000000000082
:10FE80000000000000000000000000000000000072
:10FE90000000000000000000000000000000000062
:10FEA0000000000000000000000000000000000052
:10FEB0000000000000000000000000000000000042
:10FEC0000000000000000000000000000000000032
:10FED0000000000000000000000000000000000022
:10FEE0000000000000000000000000000000000012
:10FEF0000000000000000000000000000000000002
:10FF000000000000000000000000000000000000F1
:10FF100000000000000000000000000000000000E1
:10FF200000000000000000000000000000000000D1
:10FF300000000000000000000000000000000000C1
:10FF400000000000000000000000000000000000B1
:10FF500000000000000000000000000000000000A1
:10FF60000000000000000000000000000000000091
:10FF70000000000000000000000000000000000081
:10FF80000000000000000000000000000000000071
:10FF90000000000000000000000000000000000061
:10FFA0000000000000000000000000000000000051
:10FFB0000000000000000000000000000000000041
:10FFC0000000000000000000000000000000000031
:10FFD0000000000000000000000000000000000021
:10FFE0000000000000000000000000000000000011
:10FFF0000000000000000000000000000000000001
:020000040801F1
:1000000000000000000000000000000000000000F0
:1000100000000000000000000000000000000000E0
:1000200000000000000000000000000000000000D0
:1000300000000000000000000000000000000000C0
:1000400000000000000000000000000000000000B0
:1000500000000000000000000000000000000000A0
:100060000000000000000000000000000000000090
:100070000000000000000000000000000000000080
:100080000000000000000000000000000000000070
:100090000000000000000000000000000000000060
:1000A0000000000000000000000000000000000050
:1000B0000000000000000000000000000000000040
:1000C0000000000000000000000000000000000030
:1000D0000000000000000000000000000000000020
:1000E0000000000000000000000000000000000010
:1000F0000000000000000000000000000000000000
:1001000000000000000000000000000000000000EF
:1001100000000000000000000000000000000000DF
:1001200000000000000000000000000000000000CF
:1001300000000000000000000000000000000000BF
:1001400000000000000000000000000000000000AF
:10015000000000000000000000000000000000009F
:10016000000000000000000000000000000000008F
:10017000000000000000000000000000000000007F
:10018000000000000000000000000000000000006F
:10019000000000000000000000000000000000005F
:1001A000000000000000000000000000000000004F
:1001B000000000000000000000000000000000003F
:1001C000000000000000000000000000000000002F
:1001D000000000000000000000000000000000001F
:1001E000000000000000000000000000000000000F
:1001F00000000000000000000000000000000000FF
:1002000000000000000000000000000000000000EE
:1002100000000000000000000000000000000000DE
:1002200000000000000000000000000000000000CE
:1002300000000000000000000000000000000000BE
:1002400000000000000000000000000000000000AE
:10025000000000000000000000000000000000009E
:10026000000000000000000000000000000000008E
:10027000000000000000000000000000000000007E
:10028000000000000000000000000000000000006E
:10029000000000000000000000000000000000005E
:1002A000000000000000000000000000000000004E
:1002B000000000000000000000000000000000003E
:1002C000000000000000000000000000000000002E
:1002D000000000000000000000000000000000001E
:1002E000000000000000000000000000000000000E
:1002F00000000000000000000000000000000000FE
:1003000000000000000000000000000000000000ED
:1003100000000000000000000000000000000000DD
:1003200000000000000000000000000000000000CD
:1003300000000000000000000000000000000000BD
:1003400000000000000000000000000000000000AD
:10035000000000000000000000000000000000009D
:10036000000000000000000000000000000000008D
:10037000000000000000000000000000000000007D
:10038000000000000000000000000000000000006D
:10039000000000000000000000000000000000005D
:1003A000000000000000000000000000000000004D
:1003B000000000000000000000000000000000003D
:1003C000000000000000000000000000000000002D
:1003D000000000000000000000000000000000001D
:1003E000000000000000000000000000000000000D
:1003F00000000000000000000000000000000000FD
:1004000000000000000000000000000000000000EC
:1004100000000000000000000000000000000000DC
:1004200000000000000000000000000000000000CC
:1004300000000000000000000000000000000000BC
:1004400000000000000000000000000000000000AC
:10045000000000000000000000000000000000009C
:10046000000000000000000000000000000000008C
:10047000000000000000000000000000000000007C
:10048000000000000000000000000000000000006C
:10049000000000000000000000000000000000005C
:1004A000000000000000000000000000000000004C
:1004B000000000000000000000000000000000003C
:1004C000000000000000000000000000000000002C
:1004D000000000000000000000000000000000001C
:1004E000000000000000000000000000000000000C
:1004F00000000000000000000000000000000000FC
:1005000000000000000000000000000000000000EB
:1005100000000000000000000000000000000000DB
:1005200000000000000000000000000000000000CB
:1005300000000000000000000000000000000000BB
:1005400000000000000000000000000000000000AB
:10055000000000000000000000000000000000009B
:10056000000000000000000000000000000000008B
:10057000000000000000000000000000000000007B
:10058000000000000000000000000000000000006B
:10059000000000000000000000000000000000005B
:1005A000000000000000000000000000000000004B
:1005B000000000000000000000000000000000003B
:1005C000000000000000000000000000000000002B
:1005D000000000000000000000000000000000001B
:1005E000000000000000000000000000000000000B
:1005F00000000000000000000000000000000000FB
:1006000000000000000000000000000000000000EA
:1006100000000000000000000000000000000000DA
:1006200000000000000000000000000000000000CA
:1006300000000000000000000000000000000000BA
:1006400000000000000000000000000000000000AA
:10065000000000000000000000000000000000009A
:10066000000000000000000000000000000000008A
:10067000000000000000000000000000000000007A
:10068000000000000000000000000000000000006A
:10069000000000000000000000000000000000005A
:1006A000000000000000000000000000000000004A
:1006B000000000000000000000000000000000003A
:1006C000000000000000000000000000000000002A
:1006D000000000000000000000000000000000001A
:1006E000000000000000000000000000000000000A
:1006F00000000000000000000000000000000000FA
:1007000000000000000000000000000000000000E9
:1007100000000000000000000000000000000000D9
:1007200000000000000000000000000000000000C9
:1007300000000000000000000000000000000000B9
:1007400000000000000000000000000000000000A9
:100750000000000000000000000000000000000099
:100760000000000000000000000000000000000089
:100770000000000000000000000000000000000079
:100780000000000000000000000000000000000069
:100790000000000000000000000000000000000059
:1007A0000000000000000000000000000000000049
:1007B0000000000000000000000000000000000039
:1007C0000000000000000000000000000000000029
:1007D0000000000000000000000000000000000019
:1007E0000000000000000000000000000000000009
:1007F00000000000000000000000000000000000F9
:1008000000000000000000000000000000000000E8
:1008100000000000000000000000000000000000D8
:1008200000000000000000000000000000000000C8
:1008300000000000000000000000000000000000B8
:1008400000000000000000000000000000000000A8
:100850000000000000000000000000000000000098
:100860000000000000000000000000000000000088
:100870000000000000000000000000000000000078
:100880000000000000000000000000000000000068
:100890000000000000000000000000000000000058
:1008A0000000000000000000000000000000000048
:1008B0000000000000000000000000000000000038
:1008C0000000000000000000000000000000000028
:1008D0000000000000000000000000000000000018
:1008E0000000000000000000000000000000000008
:1008F00000000000000000000000000000000000F8
:1009000000000000000000000000000000000000E7
:1009100000000000000000000000000000000000D7
:1009200000000000000000000000000000000000C7
:1009300000000000100000002C0000004700000034
:10094000630000007F0000009A000000B600000075
:10095000D1000000ED0000000801000024010000AB
:100960003F0100005B0100007601000092010000E1
:10097000AD010000C9010000E4010000FF0100001A
:100980001B02000036020000520200006D0200004F
:1009900088020000A4020000BF020000DA0200008A
:1009A000F6020000110300002C03000048030000C1
:1009B000630300007E03000099030000B5030000FC
:1009C000D0030000EB030000060400002204000036
:1009D0003D04000058040000730400008E04000071
:1009E000A9040000C5040000E0040000FB040000AE
:1009F00016050000310500004C05000067050000E9
:100A0000820500009D050000B8050000D305000028
:100A1000EE0500000A060000250600004006000062
:100A20005B0600007506000090060000AB060000A3
:100A3000C6060000E1060000FC06000017070000E3
:100A4000320700004D070000680700008307000020
:100A50009E070000B9070000D3070000EE07000062
:100A600009080000240800003F0800005A080000A0
:100A7000740800008F080000AA080000C5080000E4
:100A8000DF080000FA080000150900003009000026
:100A90004A09000065090000800900009A09000069
:100AA000B5090000D0090000EB090000050A0000AC
:100AB000200A00003A0A0000550A0000700A0000EF
:100AC0008A0A0000A50A0000C00A0000DA0A000035
:100AD000F50A00000F0B00002A0B0000440B000079
:100AE0005F0B0000790B0000940B0000AF0B0000BF
:100AF000C90B0000E40B0000FE0B0000190C000005
:100B0000330C00004D0C0000680C0000820C00004B
:100B10009D0C0000B70C0000D20C0000EC0C000093
:100B2000070D0000210D00003B0D0000560D0000D8
:100B3000700D00008A0D0000A50D0000BF0D000023
:100B4000DA0D0000F40D00000E0E0000280E00006B
:100B5000430E00005D0E0000770E0000920E0000B4
:100B6000AC0E0000C60E0000E10E0000FB0E0000FF
:100B7000150F00002F0F0000490F0000640F000048
:100B80007E0F0000980F0000B20F0000CD0F000094
:100B9000E70F0000011000001B10000035100000DE
:100BA0004F1000006A100000841000009E1000002A
:100BB000B8100000D2100000EC1000000611000078
:100BC000201100003A110000541100006F110000C4
:100BD00089110000A3110000BD110000D711000011
:100BE000F11100000B120000251200003F1200005E
:100BF00059120000731200008D120000A7120000AD
:100C0000C1120000DB120000F51200000F130000FB
:100C100029130000431300005D1300007613000049
:100C200090130000AA130000C4130000DE1300009C
:100C3000F8130000121400002C14000046140000E9
:100C4000601400007914000093140000AD1400003B
:100C5000C7140000E1140000FB140000141500008C
:100C60002E15000048150000621500007C150000DC
:100C700095150000AF150000C9150000E315000030
:100C8000FC15000016160000301600004A16000081
:100C9000631600007D16000097160000B1160000D4
:100CA000CA160000E4160000FE1600001717000028
:100CB000311700004B170000641700007E1700007A
:100CC00098170000B1170000CB170000E5170000CF
:100CD000FE17000018180000321800004B18000022
:100CE000651800007E18000098180000B218000077
:100CF000CB180000E5180000FE18000018190000CD
:100D0000311900004B190000651900007E19000020
:100D100098190000B1190000CB190000E419000077
:100D2000FE190000171A0000311A00004A1A0000CC
:100D3000641A00007D1A0000971A0000B01A000023
:100D4000CA1A0000E31A0000FD1A0000161B00007A
:100D50002F1B0000491B0000621B00007C1B0000D1
:100D6000951B0000AF1B0000C81B0000E11B00002A
:100D7000FB1B0000141C00002E1C0000471C000080
:100D8000601C00007A1C0000931C0000AD1C0000D9
:100D9000C61C0000DF1C0000F91C0000121D000032
:100DA0002B1D0000451D00005E1D0000771D00008A
:100DB000911D0000AA1D0000C31D0000DD1D0000E4
:100DC000F61D00000F1E0000281E0000421E00003D
:100DD0005B1E0000741E00008E1E0000A71E000097
:100DE000C01E0000D91E0000F31E00000C1F0000F2
:100DF000251F00003E1F0000581F0000711F00004B
:100E00008A1F0000A31F0000BC1F0000D61F0000A7
:100E1000EF1F000008200000212000003A20000001
:100E2000542000006D200000862000009F2000005C
:100E3000B8200000D1200000EB20000004210000B9
:100E40001D210000362100004F2100006821000014
:100E5000812100009B210000B4210000CD21000071
:100E6000E6210000FF2100001822000031220000CE
:100E70004A220000632200007C220000962200002B
:100E8000AF220000C8220000E1220000FA22000088
:100E9000132300002C230000452300005E230000E4
:100EA0007723000090230000A9230000C223000044
:100EB000DB230000F42300000D24000026240000A2
:100EC0003F24000058240000712400008A24000000
:100ED000A3240000BC240000D5240000EE24000060
:100EE00007250000202500003925000052250000BC
:100EF0006B250000842500009D250000B62500001C
:100F0000CF250000E8250000012600001A26000079
:100F1000332600004C260000652600007D260000D8
:100F200096260000AF260000C8260000E12600003B
:100F3000FA260000132700002C2700004527000098
:100F40005E270000762700008F270000A8270000FA
:100F5000C1270000DA270000F32700000C2800005A
:100F6000252800003D280000562800006F280000BA
:100F700088280000A1280000BA280000D32800001B
:100F8000EB280000042900001D290000362900007C
:100F90004F290000682900008029000099290000DD
:100FA000B2290000CB290000E4290000FC29000040
:100FB000152A00002E2A0000472A0000602A00009F
:100FC000782A0000912A0000AA2A0000C32A000003
:100FD000DB2A0000F42A00000D2B0000262B000065
:100FE0003E2B0000572B0000702B0000892B0000C7
:100FF000A22B0000BA2B0000D32B0000EC2B00002A
:10100000042C00001D2C0000362C00004F2C00008A
:10101000672C0000802C0000992C0000B22C0000EE
:10102000CA2C0000E32C0000FC2C0000142D000052
:101030002D2D0000462D00005F2D0000772D0000B3
:10104000902D0000A92D0000C12D0000DA2D000018
:10105000F32D00000B2E0000242E00003D2E00007A
:10106000552E00006E2E0000872E00009F2E0000DF
:10107000B82E0000D12E0000E92E0000022F000043
:101080001B2F0000332F00004C2F0000652F0000A5
:101090007D2F0000962F0000AF2F0000C72F00000B
:1010A000E02F0000F92F0000113000002A3000006E
:1010B000423000005B300000743000008C300000D3
:1010C000A5300000BE300000D6300000EF30000038
:1010D000073100002031000039310000513100009B
:1010E0006A310000823100009B310000B431000001
:1010F000CC310000E5310000FD3100001632000067
:101100002F320000473200006032000078320000C9
:1011100091320000A9320000C2320000DB32000030
:10112000F33200000C330000243300003D33000094
:10113000553300006E330000873300009F330000FA
:10114000B8330000D0330000E93300000134000060
:101150001A340000323400004B34000064340000C4
:101160007C34000095340000AD340000C63400002B
:10117000DE340000F73400000F3500002835000091
:101180004035000059350000713500008A350000F7
:10119000A3350000BB350000D4350000EC3500005D
:1011A000053600001D360000363600004E360000C1
:1011B000673600007F36000098360000B036000029
:1011C000C9360000E1360000FA3600001237000090
:1011D0002B370000433700005C37000074370000F5
:1011E0008D370000A5370000BE370000D63700005D
:1011F000EF370000073800002038000038380000C2
:101200005138000069380000823800009A38000028
:10121000B3380000CB380000E4380000FC38000090
:10122000153900002D390000463900005E390000F4
:10123000773900008F390000A8390000C03900005C
:10124000D8390000F1390000093A0000223A0000C4
:101250003A3A0000533A00006B3A0000843A00002A
:101260009C3A0000B53A0000CD3A0000E63A000092
:10127000FE3A0000173B00002F3B0000483B0000F7
:10128000603B0000783B0000913B0000A93B000060
:10129000C23B0000DA3B0000F33B00000B3C0000C7
:1012A000243C00003C3C0000553C00006D3C00002C
:1012B000863C00009E3C0000B63C0000CF3C000095
:1012C000E73C0000003D0000183D0000313D0000FB
:1012D000493D0000623D00007A3D0000923D000063
:1012E000AB3D0000C33D0000DC3D0000F43D0000CC
:1012F0000D3E0000253E00003E3E0000563E000030
:101300006F3E0000873E00009F3E0000B83E000098
:10131000D03E0000E93E0000013F00001A3F0000FF
:10132000323F00004B3F0000633F00007B3F000066
:10133000943F0000AC3F0000C53F0000DD3F0000CF
:10134000F63F00000E400000274000003F40000034
:10135000574000007040000088400000A14000009D
:10136000B9400000D2400000EA4000000341000004
:101370001B410000334100004C410000644100006B
:101380007D41000095410000AE410000C6410000D3
:10139000DF410000F74100000F420000284200003A
:1013A0004042000059420000714200008A420000A1
:1013B000A2420000BB420000D3420000EC42000009
:1013C000044300001C430000354300004D4300006F
:1013D000664300007E43000097430000AF430000D7
:1013E000C8430000E0430000F8430000114400003F
:1013F00029440000424400005A44000073440000A5
:101400008B440000A4440000BC440000D54400000C
:10141000ED440000054500001E4500003645000073
:101420004F450000674500008045000098450000DA
:10143000B1450000C9450000E2450000FA45000042
:10144000134600002B460000444600005C460000A6
:10145000744600008D460000A5460000BE46000010
:10146000D6460000EF460000074700002047000076
:1014700038470000514700006947000082470000DC
:101480009A470000B3470000CB470000E447000044
:10149000FC470000154800002D48000046480000A9
:1014A0005E480000764800008F480000A748000012
:1014B000C0480000D8480000F14800000949000079
:1014C000224900003A490000534900006B490000DE
:1014D000844900009C490000B5490000CD49000046
:1014E000E6490000FE490000174A00002F4A0000AC
:1014F000484A0000604A0000794A0000914A000012
:10150000AA4A0000C34A0000DB4A0000F44A000077
:101510000C4B0000254B00003D4B0000564B0000DB
:101520006E4B0000874B00009F4B0000B84B000043
:10153000D04B0000E94B0000014C00001A4C0000A9
:10154000324C00004B4C0000634C00007C4C00000F
:10155000954C0000AD4C0000C64C0000DE4C000075
:10156000F74C00000F4D0000284D0000404D0000DA
:10157000594D0000724D00008A4D0000A34D00003F
:10158000BB4D0000D44D0000EC4D0000054E0000A6
:101590001D4E0000364E00004F4E0000674E00000A
:1015A000804E0000984E0000B14E0000C94E000071
:1015B000E24E0000FB4E0000134F00002C4F0000D5
:1015C000444F00005D4F0000764F00008E4F00003A
:1015D000A74F0000BF4F0000D84F0000F14F0000A0
:1015E00009500000225000003A5000005350000003
:1015F0006C500000845000009D500000B550000069
:10160000CE500000E7500000FF50000018510000CD
:101610003151000049510000625100007B5100002F
:1016200093510000AC510000C4510000DD51000096
:10163000F65100000E5200002752000040520000F8
:1016400058520000715200008A520000A25200005D
:10165000BB520000D4520000EC52000005530000C1
:101660001E530000365300004F5300006853000023
:101670008053000099530000B2530000CA53000089
:10168000E3530000FC530000155400002D540000EB
:10169000465400005F54000077540000905400004E
:1016A000A9540000C2540000DA540000F3540000B2
:1016B0000C550000245500003D5500005655000013
:1016C0006F55000087550000A0550000B955000077
:1016D000D2550000EA550000035600001C560000D9
:1016E000355600004D560000665600007F5600003B
:1016F00098560000B0560000C9560000E25600009F
:10170000FB560000135700002C57000045570000FF
:101710005E570000775700008F570000A857000061
:10172000C1570000DA570000F35700000B580000C3
:10173000245800003D580000565800006F58000023
:1017400088580000A0580000B9580000D258000086
:10175000EB580000045900001D59000035590000E5
:101760004E59000067590000805900009959000047
:10177000B2590000CB590000E3590000FC590000A9
:10178000155A00002E5A0000475A0000605A000007
:10179000795A0000925A0000AB5A0000C35A000068
:1017A000DC5A0000F55A00000E5B0000275B0000C9
:1017B000405B0000595B0000725B00008B5B000027
:1017C000A45B0000BD5B0000D65B0000EE5B000088
:1017D000075C0000205C0000395C0000525C0000E7
:1017E0006B5C0000845C00009D5C0000B65C000047
:1017F000CF5C0000E85C0000015D00001A5D0000A5
:10180000335D00004C5D0000655D00007E5D000002
:10181000975D0000B05D0000C95D0000E25D000062
:10182000FB5D0000145E00002D5E0000465E0000BF
:101830005F5E0000785E0000915E0000AA5E00001E
:10184000C35E0000DC5E0000F55E00000E5F00007D
:10185000285F0000415F00005A5F0000735F0000D6
:101860008C5F0000A55F0000BE5F0000D75F000036
:10187000F05F000009600000226000003B60000093
:10188000556000006E60000087600000A0600000EE
:10189000B9600000D2600000EB600000046100004D
:1018A0001E610000376100005061000069610000A6
:1018B000826100009B610000B5610000CE61000004
:1018C000E76100000062000019620000326200005F
:1018D0004C620000656200007E62000097620000BA
:1018E000B1620000CA620000E3620000FC62000016
:1018F000156300002F63000048630000616300006F
:101900007A63000094630000AD630000C6630000CA
:10191000DF630000F9630000126400002B64000024
:10192000446400005E64000077640000906400007E
:10193000AA640000C3640000DC640000F6640000D8
:101940000F65000028650000426500005B6500002F
:10195000746500008E650000A7650000C06500008A
:10196000DA650000F36500000C66000026660000E2
:101970003F66000059660000726600008B6600003A
:10198000A5660000BE660000D8660000F166000093
:101990000A670000246700003D67000057670000E9
:1019A000706700008A670000A3670000BC67000042
:1019B000D6670000EF670000096800002268000099
:1019C0003C680000556800006F68000088680000EF
:1019D000A2680000BB680000D5680000EE68000047
:1019E00008690000216900003B690000546900009B
:1019F0006E69000087690000A1690000BB690000F2
:101A0000D4690000EE690000076A0000216A000046
:101A10003A6A0000546A00006E6A0000876A00009B
:101A2000A16A0000BA6A0000D46A0000EE6A0000F1
:101A3000076B0000216B00003B6B0000546B000043
:101A40006E6B0000876B0000A16B0000BB6B000099
:101A5000D46B0000EE6B0000086C0000226C0000EC
:101A60003B6C0000556C00006F6C0000886C00003F
:101A7000A26C0000BC6C0000D66C0000EF6C000093
:101A8000096D0000236D00003C6D0000566D0000E4
:101A9000706D00008A6D0000A46D0000BD6D000037
:101AA000D76D0000F16D00000B6E0000256E000088
:101AB0003E6E0000586E0000726E00008C6E0000DA
:101AC000A66E0000BF6E0000D96E0000F36E00002D
:101AD0000D6F0000276F0000416F00005B6F00007A
:101AE000756F00008E6F0000A86F0000C26F0000CD
:101AF000DC6F0000F66F0000107000002A7000001C
:101B0000447000005E700000787000009270000069
:101B1000AC700000C6700000E0700000FA700000B9
:101B2000147100002E710000487100006271000005
:101B30007C71000096710000B0710000CA71000055
:101B4000E4710000FE7100001872000032720000A3
:101B50004C72000066720000807200009A720000F1
:101B6000B4720000CE720000E87200000273000040
:101B70001D73000037730000517300006B73000089
:101B8000857300009F730000B9730000D4730000D8
:101B9000EE73000008740000227400003C74000022
:101BA00056740000717400008B740000A57400006E
:101BB000BF740000DA740000F47400000E750000B9
:101BC00028750000437500005D7500007775000002
:101BD00091750000AC750000C6750000E07500004E
:101BE000FB750000157600002F7600004A76000095
:101BF000647600007E76000099760000B3760000DF
:101C0000CD760000E8760000027700001C77000027
:101C100037770000517700006C770000867700006E
:101C2000A0770000BB770000D5770000F0770000B8
:101C30000A780000257800003F7800005A780000FC
:101C4000747800008F780000A9780000C478000044
:101C5000DE780000F9780000137900002E7900008A
:101C600048790000637900007D79000098790000D0
:101C7000B3790000CD790000E8790000027A000015
:101C80001D7A0000387A0000527A00006D7A000058
:101C9000877A0000A27A0000BD7A0000D77A00009F
:101CA000F27A00000D7B0000277B0000427B0000E1
:101CB0005D7B0000777B0000927B0000AD7B000025
:101CC000C87B0000E27B0000FD7B0000187C000068
:101CD000337C00004D7C0000687C0000837C0000A9
:101CE0009E7C0000B97C0000D37C0000EE7C0000EC
:101CF000097D0000247D00003F7D00005A7D00002A
:101D0000747D00008F7D0000AA7D0000C57D00006D
:101D1000E07D0000FB7D0000167E0000317E0000AB
:101D20004C7E0000677E0000827E00009D7E0000E9
:101D3000B77E0000D27E0000ED7E0000087F00002C
:101D4000237F00003E7F0000597F0000747F000069
:101D5000907F0000AB7F0000C67F0000E17F0000A5
:101D6000FC7F000017800000328000004D800000E2
:101D700068800000838000009E800000B980000021
:101D8000D5800000F08000000B810000268100005B
:101D9000418100005C810000788100009381000097
:101DA000AE810000C9810000E481000000820000D3
:101DB0001B82000036820000518200006D8200000C
:101DC00088820000A3820000BF820000DA82000047
:101DD000F5820000118300002C830000478300007F
:101DE000638300007E83000099830000B5830000B8
:101DF000D0830000EC8300000784000022840000F0
:101E00003E84000059840000758400009084000026
:101E1000AC840000C7840000E3840000FE8400005E
:101E20001A85000035850000518500006C85000092
:101E300088850000A3850000BF850000DA850000CA
:101E4000F6850000128600002D86000049860000FD
:101E500064860000808600009C860000B786000033
:101E6000D3860000EF8600000A8700002687000066
:101E7000428700005D870000798700009587000099
:101E8000B1870000CC870000E887000004880000CC
:101E9000208800003C8800005788000073880000FC
:101EA0008F880000AB880000C7880000E28800002F
:101EB000FE8800001A89000036890000528900005F
:101EC0006E8900008A890000A6890000C28900008E
:101ED000DE890000FA890000168A0000328A0000BC
:101EE0004E8A00006A8A0000868A0000A28A0000EA
:101EF000BE8A0000DA8A0000F68A0000128B000019
:101F00002E8B00004A8B0000668B0000828B000045
:101F10009E8B0000BA8B0000D78B0000F38B000073
:101F20000F8C00002B8C0000478C0000638C00009D
:101F3000808C00009C8C0000B88C0000D48C0000C9
:101F4000F18C00000D8D0000298D0000458D0000F2
:101F5000628D00007E8D00009A8D0000B78D00001C
:101F6000D38D0000EF8D00000C8E0000288E000045
:101F7000448E0000618E00007D8E00009A8E00006D
:101F8000B68E0000D28E0000EF8E00000B8F000096
:101F9000288F0000448F0000618F00007D8F0000BB
:101FA0009A8F0000B68F0000D38F0000EF8F0000E3
:101FB0000C90000029900000459000006290000005
:101FC0007E9000009B900000B8900000D49000002C
:101FD000F19000000E9100002A910000479100004E
:101FE00064910000809100009D910000BA91000072
:101FF000D7910000F3910000109200002D92000094
:102000004A9200006792000083920000A0920000B4
:10201000BD920000DA920000F792000014930000D5
:10202000319300004E9300006B93000087930000F3
:10203000A4930000C1930000DE930000FB93000016
:102040001894000035940000529400006F94000032
:102050008C940000AA940000C7940000E49400004F
:10206000019500001E9500003B950000589500006A
:102070007595000093950000B0950000CD95000087
:10208000EA950000079600002596000042960000A1
:102090005F9600007C9600009A960000B7960000BC
:1020A000D4960000F19600000F9700002C970000D6
:1020B0004A9700006797000084970000A2970000ED
:1020C000BF970000DD970000FA9700001798000006
:1020D0003598000052980000709800008D9800001C
:1020E000AB980000C8980000E69800000499000032
:1020F000219900003F9900005C9900007A99000046
:1021000098990000B5990000D3990000F09900005B
:102110000E9A00002C9A00004A9A0000679A00006C
:10212000859A0000A39A0000C19A0000DE9A000080
:10213000FC9A00001A9B0000389B0000569B000090
:10214000739B0000919B0000AF9B0000CD9B0000A3
:10215000EB9B0000099C0000279C0000459C0000B0
:10216000639C0000819C00009F9C0000BD9C0000BF
:10217000DB9C0000F99C0000179D0000359D0000CD
:10218000539D0000719D00008F9D0000AD9D0000DB
:10219000CB9D0000EA9D0000089E0000269E0000E6
:1021A000449E0000629E0000809E00009F9E0000F2
:1021B000BD9E0000DB9E0000FA9E0000189F0000FC
:1021C000369F0000549F0000739F0000919F000005
:1021D000B09F0000CE9F0000EC9F00000BA000000D
:1021E00029A0000048A0000066A0000085A0000013
:1021F000A3A00000C2A00000E0A00000FFA000001B
:102200001DA100003CA100005AA1000079A100001E
:1022100098A10000B6A10000D5A10000F3A1000024
:1022200012A2000031A2000050A200006EA2000025
:102230008DA20000ACA20000CBA20000E9A2000029
:1022400008A3000027A3000046A3000065A3000028
:1022500084A30000A2A30000C1A30000E0A300002B
:10226000FFA300001EA400003DA400005CA4000029
:102270007BA400009AA40000B9A40000D8A4000028
:10228000F7A4000016A5000035A5000055A5000024
:1022900074A5000093A50000B2A50000D1A5000020
:1022A000F0A5000010A600002FA600004EA600001A
:1022B0006DA600008DA60000ACA60000CBA6000015
:1022C000EAA600000AA7000029A7000049A700000D
:1022D00068A7000087A70000A7A70000C6A7000006
:1022E000E6A7000005A8000025A8000044A80000FB
:1022F00064A8000083A80000A3A80000C2A80000F2
:10230000E2A8000002A9000021A9000041A90000E4
:1023100061A9000080A90000A0A90000C0A90000D8
:10232000DFA90000FFA900001FAA00003FAA0000CB
:102330005FAA00007EAA00009EAA0000BEAA0000BC
:10234000DEAA0000FEAA00001EAB00003EAB0000AB
:102350005EAB00007EAB00009EAB0000BEAB000099
:10236000DEAB0000FEAB00001EAC00003EAC000087
:102370005EAC00007EAC00009EAC0000BEAC000075
:10238000DFAC0000FFAC00001FAD00003FAD00005F
:1023900060AD000080AD0000A0AD0000C0AD000049
:1023A000E1AD000001AE000021AE000042AE000031
:1023B00062AE000083AE0000A3AE0000C4AE000019
:1023C000E4AE000005AF000025AF000046AF0000FE
:1023D00066AF000087AF0000A7AF0000C8AF0000E5
:1023E000E9AF000009B000002AB000004BB00000C7
:1023F0006BB000008CB00000ADB00000CDB00000AC
:10240000EEB000000FB1000030B1000051B100008B
:1024100072B1000092B10000B3B10000D4B100006D
:10242000F5B1000016B2000037B2000058B200004B
:1024300079B200009AB20000BBB20000DCB200002A
:10244000FEB200001FB3000040B3000061B3000003
:1024500082B30000A3B30000C5B30000E6B30000E0
:1024600007B4000028B400004AB400006BB40000B8
:102470008CB40000AEB40000CFB40000F1B4000092
:1024800012B5000033B5000055B5000076B5000068
:1024900098B50000B9B50000DBB50000FDB500003F
:1024A0001EB6000040B6000061B6000083B6000012
:1024B000A5B60000C7B60000E8B600000AB70000E5
:1024C0002CB700004EB700006FB7000091B70000B6
:1024D000B3B70000D5B70000F7B7000019B8000087
:1024E0003BB800005DB800007FB80000A1B8000054
:1024F000C3B80000E5B8000007B9000029B9000022
:102500004BB900006DB900008FB90000B2B90000EE
:10251000D4B90000F6B9000018BA00003BBA0000B8
:102520005DBA00007FBA0000A2BA0000C4BA000081
:10253000E6BA000009BB00002BBB00004EBB000048
:1025400070BB000093BB0000B5BB0000D8BB00000F
:10255000FABB00001DBC000040BC000062BC0000D3
:1025600085BC0000A8BC0000CABC0000EDBC000097
:1025700010BD000033BD000055BD000078BD000057
:102580009BBD0000BEBD0000E1BD000004BE000018
:1025900027BE00004ABE00006DBE000090BE0000D5
:1025A000B3BE0000D6BE0000F9BE00001CBF000094
:1025B0003FBF000062BF000086BF0000A9BF00004F
:1025C000CCBF0000EFBF000013C0000036C0000009
:1025D00059C000007DC00000A0C00000C4C00000C1
:1025E000E7C000000AC100002EC1000051C1000078
:1025F00075C1000099C10000BCC10000E0C100002D
:1026000003C2000027C200004BC200006FC20000DE
:1026100092C20000B6C20000DAC20000FEC2000092
:1026200022C3000045C3000069C300008DC3000041
:10263000B1C30000D5C30000F9C300001DC40000F1
:1026400041C4000065C4000089C40000AEC400009D
:10265000D2C40000F6C400001AC500003EC5000048
:1026600063C5000087C50000ABC50000D0C50000F1
:10267000F4C5000018C600003DC6000061C6000099
:1026800086C60000AAC60000CFC60000F3C6000040
:1026900018C700003DC7000061C7000086C70000E2
:1026A000ABC70000CFC70000F4C7000019C8000086
:1026B0003EC8000063C8000087C80000ACC8000026
:1026C000D1C80000F6C800001BC9000040C90000C6
:1026D00065C900008AC90000AFC90000D5C9000063
:1026E000FAC900001FCA000044CA000069CA0000FD
:1026F0008FCA0000B4CA0000D9CA0000FECA000098
:1027000024CB000049CB00006FCB000094CB00002D
:10271000BACB0000DFCB000005CC00002ACC0000C3
:1027200050CC000076CC00009BCC0000C1CC000057
:10273000E7CC00000CCD000032CD000058CD0000E9
:102740007ECD0000A4CD0000CACD0000F0CD000079
:1027500016CE00003CCE000062CE000088CE000005
:10276000AECE0000D4CE0000FACE000020CF000094
:1027700046CF00006DCF000093CF0000B9CF00001E
:10278000E0CF000006D000002CD0000053D00000A5
:1027900079D00000A0D00000C6D00000EDD000002D
:1027A00013D100003AD1000061D1000087D10000B0
:1027B000AED10000D5D10000FCD1000022D2000033
:1027C00049D2000070D2000097D20000BED20000B3
:1027D000E5D200000CD3000033D300005AD3000030
:1027E00081D30000A8D30000D0D30000F7D30000AD
:1027F0001ED4000045D400006DD4000094D4000025
:10280000BBD40000E3D400000AD5000032D500009C
:1028100059D5000081D50000A8D50000D0D5000012
:10282000F7D500001FD6000047D600006ED6000086
:1028300096D60000BED60000E6D600000ED70000F7
:1028400036D700005ED7000086D70000AED7000064
:10285000D6D70000FED7000026D800004ED80000D2
:1028600076D800009ED80000C7D80000EFD800003E
:1028700017D9000040D9000068D9000090D90000A5
:10288000B9D90000E1D900000ADA000033DA00000B
:102890005BDA000084DA0000ACDA0000D5DA000070
:1028A000FEDA000027DB000050DB000078DB0000D0
:1028B000A1DB0000CADB0000F3DB00001CDC000031
:1028C00045DC00006EDC000098DC0000C1DC00008C
:1028D000EADC000013DD00003CDD000066DD0000E6
:1028E0008FDD0000B8DD0000E2DD00000BDE00003F
:1028F00035DE00005EDE000088DE0000B2DE000093
:10290000DBDE000005DF00002FDF000058DF0000E5
:1029100082DF0000ACDF0000D6DF000000E0000036
:102920002AE0000054E000007EE00000A8E0000083
:10293000D2E00000FCE0000027E1000051E10000CF
:102940007BE10000A5E10000D0E10000FAE1000019
:1029500025E200004FE200007AE20000A4E200005D
:10296000CFE20000F9E2000024E300004FE30000A2
:102970007AE30000A4E30000CFE30000FAE30000E4
:1029800025E4000050E400007BE40000A6E4000021
:10299000D1E40000FCE4000028E5000053E500005D
:1029A0007EE50000A9E50000D5E5000000E6000096
:1029B0002CE6000057E6000083E60000AEE60000CB
:1029C000DAE6000005E7000031E700005DE70000FF
:1029D00089E70000B4E70000E0E700000CE8000031
:1029E00038E8000064E8000090E80000BCE800005F
:1029F000E8E8000015E9000041E900006DE9000089
:102A000099E90000C6E90000F2E900001FEA0000B1
:102A10004BEA000078EA0000A4EA0000D1EA0000D6
:102A2000FEEA00002AEB000057EB000084EB0000F8
:102A3000B1EB0000DEEB00000BEC000038EC000016
:102A400065EC000092EC0000BFEC0000ECEC000034
:102A500019ED000046ED000074ED0000A1ED00004E
:102A6000CFED0000FCED00002AEE000057EE000064
:102A700085EE0000B2EE0000E0EE00000EEF000078
:102A80003CEF00006AEF000097EF0000C5EF000088
:102A9000F3EF000021F0000050F000007EF0000095
:102AA000ACF00000DAF0000008F1000037F100009F
:102AB00065F1000094F10000C2F10000F1F10000A6
:102AC0001FF200004EF200007DF20000ABF20000A9
:102AD000DAF2000009F3000038F3000067F30000A9
:102AE00096F30000C5F30000F4F3000023F40000A7
:102AF00052F4000082F40000B1F40000E0F40000A1
:102B000010F500003FF500006FF500009EF5000095
:102B1000CEF50000FEF500002DF600005DF6000089
:102B20008DF60000BDF60000EDF600001DF7000078
:102B30004DF700007DF70000ADF70000DEF7000064
:102B40000EF800003EF800006FF800009FF800004B
:102B5000D0F8000000F9000031F9000061F9000030
:102B600092F90000C3F90000F4F9000025FA000012
:102B700056FA000087FA0000B8FA0000E9FA0000EF
:102B80001AFB00004BFB00007DFB0000AEFB0000C9
:102B9000DFFB000011FC000042FC000074FC0000A0
:102BA000A6FC0000D7FC000009FD00003BFD000072
:102BB0006DFD00009FFD0000D1FD000003FE000040
:102BC00035FE000067FE000099FE0000CCFE00000C
:102BD000FEFE000030FF000063FF000095FF0000D4
:102BE000C8FF0000FBFF00002D0001006000010095
:102BF00093000100C6000100F90001002C01010052
:102C00005F01010092010100C5010100F90101000D
:102C10002C0201005F02010093020100C7020100C3
:102C2000FA0201002E030100620301009503010076
:102C3000C9030100FD030100310401006504010026
:102C400099040100CE0401000205010036050100CF
:102C50006A0501009F050100D30501000806010077
:102C60003D06010071060100A6060100DB06010019
:102C700010070100450701007A070100AF070100B6
:102C8000E40701001A0801004F0801008408010050
:102C9000BA080100EF080100250901005B090100E5
:102CA00090090100C6090100FC090100320A010077
:102CB000680A01009E0A0100D50A01000B0B010001
:102CC000410B0100770B0100AE0B0100E40B01008A
:102CD0001B0C0100520C0100890C0100BF0C01000B
:102CE000F60C01002D0D0100640D01009B0D01008B
:102CF000D30D01000A0E0100410E0100790E010002
:102D0000B00E0100E80E01001F0F0100570F010077
:102D10008F0F0100C70F0100FF0F010037100100E6
:102D20006F100100A7100100DF1001001811010051
:102D30005011010089110100C1110100FA110100B7
:102D4000331201006C120100A4120100DD12010017
:102D5000161301005013010089130100C213010072
:102D6000FB130100351401006F140100A8140100C9
:102D7000E21401001C150100561501008F15010019
:102D8000CA150100041601003E1601007816010064
:102D9000B2160100ED1601002817010062170100AC
:102DA0009D170100D8170100131801004E180100EB
:102DB00089180100C4180100FF1801003A19010028
:102DC00076190100B1190100ED190100281A01005E
:102DD000641A0100A01A0100DC1A0100181B01008E
:102DE000541B0100901B0100CD1B0100091C0100B8
:102DF000451C0100821C0100BF1C0100FB1C0100DE
:102E0000381D0100751D0100B21D0100EF1D0100FC
:102E10002D1E01006A1E0100A71E0100E51E010013
:102E2000221F0100601F01009E1F0100DC1F010026
:102E30001A2001005820010096200100D420010032
:102E4000132101005121010090210100CE21010038
:102E50000D2201004C2201008B220100CA22010038
:102E6000092301004823010088230100C723010032
:102E7000072401004624010086240100C624010025
:102E8000062501004625010086250100C625010012
:102E9000072601004726010088260100C9260100F7
:102EA000092701004A2701008B270100CC270100D8
:102EB0000E2801004F28010090280100D2280100AF
:102EC000142901005529010097290100D929010081
:102ED0001B2A01005D2A0100A02A0100E22A01004C
:102EE000252B0100672B0100AA2B0100ED2B01000F
:102EF000302C0100732C0100B62C0100FA2C0100CB
:102F00003D2D0100812D0100C42D0100082E01007E
:102F10004C2E0100902E0100D42E0100182F01002C
:102F20005D2F0100A12F0100E62F01002B300100D1
:102F300070300100B5300100FA3001003F3101006E
:102F400084310100CA3101000F3201005532010005
:102F50009B320100E1320100273301006D33010093
:102F6000B3330100FA33010040340100873401001B
:102F7000CE340100153501005C350100A335010098
:102F8000EB350100323601007A360100C13601000E
:102F9000093701005137010099370100E23701007C
:102FA0002A38010073380100BB38010004390100E0
:102FB0004D39010096390100DF390100293A01003D
:102FC000723A0100BC3A0100063B01004F3B010090
:102FD0009A3B0100E43B01002E3C0100793C0100DA
:102FE000C33C01000E3D0100593D0100A43D01001C
:102FF000EF3D01003A3E0100863E0100D13E010056
:103000001D3F0100693F0100B53F01000140010083
:103010004E4001009A400100E740010034410100A8
:1030200081410100CE4101001B42010068420100C4
:10303000B64201000443010052430100A0430100D5
:10304000EE4301003C4401008B440100D9440100DF
:103050002845010077450100C645010016460100DC
:1030600065460100B54601000547010054470100CF
:10307000A5470100F54701004548010096480100B9
:10308000E74801003849010089490100DA49010097
:103090002C4A01007D4A0100CF4A0100214B01006A
:1030A000734B0100C54B0100184C01006B4C010033
:1030B000BE4C0100114D0100644D0100B74D0100EF
:1030C0000B4E01005E4E0100B24E0100064F0100A2
:1030D0005B4F0100AF4F0100045001005950010047
:1030E000AE5001000351010058510100AE510100E2
:1030F000045201005A520100B0520100065301006F
:103100005D530100B35301000A54010062540100F1
:10311000B95401001055010068550100C055010067
:103120001856010070560100C956010022570100CF
:103130007B570100D45701002D580100875801002A
:10314000E05801003A59010094590100EF5901007B
:10315000495A0100A45A0100FF5A01005A5B0100BC
:10316000B65B0100125C01006D5C0100CA5C0100ED
:10317000265D0100825D0100DF5D01003C5E010013
:10318000995E0100F75E0100545F0100B25F01002B
:10319000106001006F600100CD6001002C61010032
:1031A0008B610100EA6101004A620100AA6201002C
:1031B000096301006A630100CA6301002B64010016
:1031C0008C640100ED6401004E650100B0650100F2
:1031D0001266010074660100D666010039670100BD
:1031E0009C670100FF67010063680100C668010079
:1031F0002A6901008E690100F3690100586A010023
:10320000BD6A0100226B0100876B0100ED6B0100BC
:10321000536C0100B96C0100206D0100876D010045
:10322000EE6D0100556E0100BD6E0100256F0100BD
:103230008D6F0100F66F01005F700100C870010022
:10324000317101009B710100057201006F72010074
:10325000D972010044730100AF7301001B740100B7
:1032600086740100F27401005F750100CB750100E6
:1032700038760100A67601001377010081770100FE
:10328000EF7701005E780100CC7801003B79010006
:10329000AB7901001B7A01008B7A0100FB7A0100F7
:1032A0006C7B0100DD7B01004E7C0100C07C0100D5
:1032B000327D0100A47D0100177E01008A7E01009D
:1032C000FE7E0100717F0100E57F01005A80010050
:1032D000CF80010044810100B98101002F820100EB
:1032E000A58201001C830100938301000A84010070
:1032F00082840100FA84010072850100EB850100DF
:1033000064860100DE86010058870100D287010033
:103310004D880100C888010043890100BF89010070
:103320003B8A0100B88A0100358B0100B38B010094
:10333000318C0100AF8C01002E8D0100AD8D01009C
:103340002C8E0100AC8E01002C8F0100AD8F01008E
:103350002E900100B090010032910100B591010062
:1033600038920100BB9201003F930100C39301001A
:1033700048940100CD94010053950100D9950100B6
:103380005F960100E69601006E970100F697010036
:103390007E98010007990100919901001B9A010094
:1033A000A59A0100309B0100BB9B0100479C0100D6
:1033B000D39C0100609D0100EE9D01007B9E0100F9
:1033C0000A9F0100999F010028A00100B8A00100F8
:1033D00049A10100DAA101006BA20100FDA20100D8
:1033E00090A3010023A40100B7A401004BA5010094
:1033F000E0A5010076A601000CA70100A2A701002C
:103400003AA80100D1A801006AA9010003AA01009D
:103410009CAA010036AB0100D1AB01006CAC0100ED
:1034200008AD0100A5AD010042AE0100E0AE010013
:103430007FAF01001EB00100BDB001005EB1010010
:10344000FFB10100A1B2010043B30100E6B30100E6
:103450008AB401002EB50100D3B5010079B6010090
:1034600020B70100C7B701006FB8010017B901000C
:10347000C1B901006BBA010016BB0100C1BB01005C
:103480006DBC01001ABD0100C8BD010077BE01007E
:1034900026BF0100D6BF010087C0010039C101006D
:1034A000EBC101009FC2010053C3010008C4010029
:1034B000BDC4010074C501002BC60100E3C60100B4
:1034C0009DC7010057C8010011C90100CDC9010005
:1034D0008ACA010047CB010006CC0100C5CC01001F
:1034E00085CD010046CE010008CF0100CBCF010001
:1034F0008FD0010054D101001AD20100E1D20100A5
:10350000A9D3010072D401003CD5010006D6010008
:10351000D2D601009FD701006DD801003CD901002F
:103520000DDA0100DEDA0100B0DB010083DC01000E
:1035300058DD01002EDE010004DF0100DCDF0100A8
:10354000B5E001008FE101006BE2010047E30100FB
:1035500025E4010004E50100E5E50100C6E60100FF
:10356000A9E701008DE8010072E9010059EA0100B4
:1035700041EB01002AEC010014ED010000EE010016
:10358000EEEE0100DCEF0100CCF00100BEF1010025
:10359000B1F20100A5F301009BF4010092F50100D6
:1035A0008BF6010085F7010081F801007EF901002A
:1035B0007DFA01007EFB010080FC010084FD01001A
:1035C00089FE010090FF010099000200A3010200A2
:1035D000B0020200BE030200CD040200DF050200BB
:1035E000F2060200070802001E090200370A020064
:1035F000520B02006E0C02008D0D0200AD0E020097
:10360000D00F0200F51002001B120200441302004A
:103610006F1402009C150200CB160200FC1702007A
:1036200030190200661A02009E1B0200D81C02001C
:10363000151E0200541F020096200200DA2102002B
:10364000212302006A240200B5250200032702009C
:1036500054280200A8290200FE2A0200572C02006A
:10366000B32D0200122F020073300200D831020085
:103670003F330200AA3402001736020088370200E6
:10368000FC380200733A0200ED3B02006B3D020081
:10369000EC3E020070400200F84102008443020048
:1036A00013450200A64602003C480200D64902002B
:1036B000754B0200174D0200BD4E0200675002001C
:1036C00016520200C85302007F5502003B57020009
:1036D000FA580200BF5A0200885C0200555E0200E0
:1036E00028600200FF610200DC630200BE65020088
:1036F000A467020090690200826B0200796D0200EB
:10370000766F020078710200817302008F750200EB
:10371000A4770200BF790200E07B0200087E02006D
:10372000378002006C820200A9840200EC8602004D
:10373000388902008A8B0200E48D02004790020063
:10374000B1920200249502009F970200229A020083
:10375000AF9C0200459F0200E4A102008DA402007C
:1037600040A70200FDA90200C5AC020097AF02000D
:1037700074B202005DB5020051B8020052BB0200F3
:103780005FBE020078C102009FC40200D3C70200DE
:1037900016CB020066CE0200C6D1020035D502006B
:1037A000B4D8020043DC0200E3DF020095E302002C
:1037B00059E702002FEB02001AEF020018F3020093
:1037C0002CF7020055FB020095FF0200EC030300FA
:1037D0005C080300E50C0300891103004816030090
:1037E000251B03001F20030039250300742A030052
:1037F000D12F030052350300F93A0300C8400300FB
:10380000C1460300E54C030038530300BB590300D5
:103810007360030060670300886E0300EC750300AB
:10382000927D03007C850300B18D03003496030074
:103830000B9F03003DA80300D0B10300CBBB0300E6
:1038400036C603001CD1030086DC030081E80300B8
:1038500019F503005E02040061100400361F040025
:10386000F52E0400B83F04009F510400D06404000A
:1038700078790400CD8F040012A8040099C20400D6
:10388000CADF04002800050060240500584D05002B
:103890004B7C0500F7B20500EEF30500304306004F
:1038A00067A70600BF2C0700CEEC0700FB2A090023
:1038B00072020C0072020C000100020004000600FB
:1038C00008000A000C0010002000400080000001E9
:1038D00001010103070100000804020408010101BD
:1038E00000000000000000000102030406070809B0
:1038F00000000000010203040000000000000000BE
:103900000000B33FB2BE7D3A00002E40DFCF5138F9
:1039100000007E40BF51FABA00E0A44019DAC3BAF1
:1039200000E0C840C2ED8AB90040EB40CD1F2CBA80
:10393000001006412AFFFABA00C01541DFCFD13787
:1039400000D024419A97703A0050334189478E360F
:1039500000404141E75B9D3800B04E41C00A98B934
:1039600000A05B41558F943A00306841DA92C0BAAA
:103970000040744162B3C63A0000803F00A0853F1A
:1039800000908B3F00C0913F0030983F00F09E3F79
:1039900000F0A53F0050AD3F0000B53F0000BD3F27
:1039A0000060C53F0020CE3F0040D73F00C0E03F51
:1039B00000C0EA3F0020F53F000000007D36AC3932
:1039C0007D3C3839EBDCF438320A7E39124C26392A
:1039D0009B6AED39A4EE83397F661E39F6398A3940
:1039E0002B426539A48211395B991F39C3EECD3959
:1039F000DDE7C637A5A22F390000803FC3AA853F67
:103A0000C2958B3FD3C3913FF037983F32F59E3F2D
:103A1000D7FEA53F3F58AD3FF304B53FA408BD3FD7
:103A20002A67C53F8C24CE3FFD44D73FDFCCE03F23
:103A3000C7C0EA3F7D25F53F000000006E83F9A274
:103A40002915444ED15727FCC0DD34F5999562DB2A
:103A50004190433CAB6351FE783A010800000020DE
:103A600038010000144200089C3A01083801002087
:103A7000403B000070420008011823E40C1AFF01CB
:103A800001CC3210021701091018320232045A0810
:0C3A90003A32204A402A1324F4000000BF
:04000005080041D9D5
:00000001FF
